issue_id,created_at_x,new_value_x,created_at_y,new_value_y
58bfcf3d0ccb2667fe270184,2014-03-13 18:16:53.798,Closed,2014-01-20 11:21:50.386,Open
58bfcf3d0ccb2667fe270184,2014-03-13 18:16:53.798,Closed,2014-01-12 17:52:34.220,Open
58bfcf430ccb2667fe270243,2014-03-13 18:16:54.937,Closed,2013-09-08 17:11:29.418,Open
58bfcf430ccb2667fe270243,2014-03-13 18:16:54.937,Closed,2013-09-09 05:24:23.101,Open
58bfcf4c0ccb2667fe270399,2014-03-13 18:16:55.536,Closed,2010-11-10 01:37:55.642,Open
58bfcf500ccb2667fe2703f4,2014-03-13 18:16:56.681,Closed,2013-12-15 10:36:32.314,Open
58bfcf500ccb2667fe2703f3,2014-03-13 18:17:01.127,Closed,2013-12-23 20:15:57.482,Open
58bfcf500ccb2667fe2703f3,2014-03-13 18:17:01.127,Closed,2013-12-24 04:56:51.304,Open
58bfcf710ccb2667fe27095c,2014-03-13 18:17:05.939,Closed,2013-12-10 22:57:38.960,Open
58bfcf710ccb2667fe27095c,2014-03-13 18:17:05.939,Closed,2013-12-11 00:12:11.936,Open
58bfcf390ccb2667fe2700ee,2014-03-13 18:16:52.935,Closed,2012-12-07 21:30:59.911,Open
58bfcf390ccb2667fe2700ee,2014-03-13 18:16:52.935,Closed,2012-12-07 18:40:12.413,Open
58bfcf390ccb2667fe2700ee,2014-03-13 18:16:52.935,Closed,2012-12-07 20:29:42.488,Open
58bfcf390ccb2667fe2700ee,2014-03-13 18:16:52.935,Closed,2012-12-07 18:57:27.666,Open
58bfcf3f0ccb2667fe2701d2,2014-03-13 18:16:53.264,Closed,2014-01-15 09:22:08.688,Open
58bfcf3f0ccb2667fe2701d2,2014-03-13 18:16:53.264,Closed,2014-01-15 15:36:08.949,Open
58bfcf3f0ccb2667fe2701d2,2014-03-13 18:16:53.264,Closed,2014-01-13 17:15:32.804,Open
58bfcf3f0ccb2667fe2701d2,2014-03-13 18:16:53.264,Closed,2014-01-15 09:50:02.269,Open
58bfcf3f0ccb2667fe2701d2,2014-03-13 18:16:53.264,Closed,2013-12-14 06:44:21.395,Open
58bfcf480ccb2667fe2702ff,2014-03-13 18:16:55.090,Closed,2013-10-07 23:42:30.616,Open
58bfcf540ccb2667fe270492,2014-03-13 18:16:57.427,Closed,2012-08-30 04:59:11.424,Open
58bfcf510ccb2667fe27040c,2014-03-13 18:16:56.483,Closed,2013-09-18 11:26:43.039,Open
58bfcf510ccb2667fe27040c,2014-03-13 18:16:56.483,Closed,2013-09-20 18:06:20.929,Open
58bfcf510ccb2667fe27040c,2014-03-13 18:16:56.483,Closed,2013-09-19 13:06:59.547,Open
58bfcf510ccb2667fe27040c,2014-03-13 18:16:56.483,Closed,2013-09-20 03:57:35.100,Open
58bfcf630ccb2667fe2706d9,2014-03-13 18:17:01.660,Closed,2013-10-01 21:42:12.680,Open
58bfcf630ccb2667fe2706d9,2014-03-13 18:17:01.660,Closed,2012-12-13 17:49:16.053,Open
58bfcf630ccb2667fe2706d9,2014-03-13 18:17:01.660,Closed,2013-05-06 12:37:53.535,Open
58bfcf670ccb2667fe270784,2014-03-13 18:17:02.761,Closed,2013-09-07 20:25:27.157,Open
58bfce750ccb2667fe26f0ca,2014-03-13 18:17:05.286,Closed,2013-09-03 11:10:51.769,Open
58bfcf540ccb2667fe270491,2014-03-13 18:17:06.174,Closed,2013-09-05 07:57:37.314,Open
58bfcf540ccb2667fe270491,2014-03-13 18:17:06.174,Closed,2013-09-18 11:04:50.915,Open
58bfcf540ccb2667fe270491,2014-03-13 18:17:06.174,Closed,2013-05-17 00:20:07.996,Open
58bfcf590ccb2667fe2705a7,2014-03-13 18:16:58.836,Closed,2012-06-19 16:07:07.809,Open
58bfcf590ccb2667fe2705a7,2014-03-13 18:16:58.836,Closed,2012-09-10 18:51:30.024,Open
58bfceb60ccb2667fe26f604,2014-03-13 18:17:00.563,Closed,2012-12-08 16:34:44.446,Open
58bfcf760ccb2667fe270a32,2014-03-13 18:17:06.383,Closed,2012-12-16 20:28:53.700,Open
58bfcf580ccb2667fe27056e,2014-03-13 18:16:58.359,Closed,2011-10-27 22:24:55.995,Open
58bfcf700ccb2667fe270921,2014-03-13 18:17:04.859,Closed,2012-12-12 14:23:59.450,Open
58bfcf810ccb2667fe270b95,2014-03-13 18:17:09.096,Closed,2013-10-02 03:20:45.850,Open
58bfcf810ccb2667fe270b95,2014-03-13 18:17:09.096,Closed,2013-09-20 17:57:04.201,Open
58bfcf970ccb2667fe270e21,2014-03-13 18:17:14.047,Closed,2013-10-20 08:58:24.710,Open
58bfcf970ccb2667fe270e21,2014-03-13 18:17:14.047,Closed,2013-09-29 22:45:08.718,Open
58bfcf970ccb2667fe270e21,2014-03-13 18:17:14.047,Closed,2013-10-08 16:47:12.340,Open
58bfcf970ccb2667fe270e21,2014-03-13 18:17:14.047,Closed,2013-10-02 22:38:27.651,Open
58bfcf970ccb2667fe270e21,2014-03-13 18:17:14.047,Closed,2013-08-04 15:54:36.227,Open
58bfcf990ccb2667fe270ebd,2014-03-13 18:17:15.592,Closed,2014-01-03 09:26:56.911,Open
58bfd04f0ccb2667fe271dec,2014-03-13 18:16:54.784,Closed,2013-05-10 23:03:04.867,Open
58bfcf6a0ccb2667fe2707f9,2014-03-13 18:17:11.475,Closed,2013-05-10 20:58:09.747,Open
58bfcf6a0ccb2667fe2707f9,2014-03-13 18:17:11.475,Closed,2013-05-09 09:46:04.097,Open
58bfd1010ccb2667fe272f5e,2014-03-13 18:17:04.608,Closed,2013-03-14 09:04:31.311,Open
58bfd1010ccb2667fe272f5e,2014-03-13 18:17:04.608,Closed,2013-05-31 09:12:54.518,Open
58bfd0410ccb2667fe271c76,2014-03-13 18:17:14.755,Closed,2013-10-26 18:03:18.405,Open
58bfd0410ccb2667fe271c76,2014-03-13 18:17:14.755,Closed,2013-10-04 03:13:38.047,Open
58bfd0410ccb2667fe271c76,2014-03-13 18:17:14.755,Closed,2012-05-02 04:49:48.297,Open
58bfcf470ccb2667fe2702d9,2014-03-13 18:16:55.671,Closed,2013-12-19 03:39:27.450,Open
58bfcf5b0ccb2667fe2705e0,2014-03-13 18:16:59.497,Closed,2012-03-19 06:36:41.912,Open
58bfce8e0ccb2667fe26f21e,2014-03-13 18:17:02.153,Closed,2013-05-13 23:57:28.076,Open
58bfce8e0ccb2667fe26f21e,2014-03-13 18:17:02.153,Closed,2013-05-03 08:16:41.453,Open
58bfce8e0ccb2667fe26f21e,2014-03-13 18:17:02.153,Closed,2013-01-08 13:41:14.775,Open
58bfce8e0ccb2667fe26f21e,2014-03-13 18:17:02.153,Closed,2013-04-22 21:17:08.524,Open
58bfcf7f0ccb2667fe270b49,2014-03-13 18:17:08.867,Closed,2013-09-05 21:03:35.277,Open
58bfcf7f0ccb2667fe270b49,2014-03-13 18:17:08.867,Closed,2012-06-29 18:23:17.419,Open
58bfcf7f0ccb2667fe270b49,2014-03-13 18:17:08.867,Closed,2012-04-26 17:24:53.635,Open
58bfcf860ccb2667fe270c31,2014-03-13 18:17:10.804,Closed,2013-09-07 20:25:58.849,Open
58bfcf860ccb2667fe270c31,2014-03-13 18:17:10.804,Closed,2013-09-07 11:30:58.068,Open
58bfd16e0ccb2667fe27378f,2014-03-13 18:17:13.533,Closed,2013-11-21 15:45:41.705,Open
58bfd16e0ccb2667fe27378f,2014-03-13 18:17:13.533,Closed,2013-11-15 08:11:00.102,Open
58bfd16e0ccb2667fe27378f,2014-03-13 18:17:13.533,Closed,2013-03-22 22:35:59.883,Open
58bfd16e0ccb2667fe27378f,2014-03-13 18:17:13.533,Closed,2013-03-22 21:45:31.543,Open
58bfd16e0ccb2667fe27378f,2014-03-13 18:17:13.533,Closed,2013-04-19 20:01:11.417,Open
58bfd27f0ccb2667fe275075,2016-07-21 20:18:21.042,Closed,2015-08-20 08:24:20.937,Open
58bfd27f0ccb2667fe275075,2016-07-21 20:18:21.042,Closed,2015-08-24 03:32:52.716,Open
58bfd27f0ccb2667fe275075,2016-07-21 20:18:21.042,Closed,2015-08-22 04:27:50.292,Open
58bfd27f0ccb2667fe275075,2016-07-21 20:18:21.042,Closed,2015-08-25 00:56:40.151,Open
58bfd2a00ccb2667fe2754c7,2016-07-21 20:18:31.457,Closed,2015-10-26 18:16:07.151,Open
58bfcf0d0ccb2667fe26fcc6,2014-03-13 18:17:11.004,Closed,2013-06-08 09:28:23.542,Open
58bfcf0d0ccb2667fe26fcc6,2014-03-13 18:17:11.004,Closed,2013-07-03 22:06:28.038,Open
58bfd2780ccb2667fe274f7f,2016-07-21 20:18:17.065,Closed,2015-08-12 10:41:35.288,Open
58bfd2880ccb2667fe2751fc,2016-07-21 20:18:24.426,Closed,2015-07-24 16:43:24.271,Open
58bfd2880ccb2667fe2751fc,2016-07-21 20:18:24.426,Closed,2015-07-20 14:58:12.071,Open
58bfd1040ccb2667fe272fb5,2016-07-21 20:18:27.194,Closed,2015-01-05 05:45:57.329,Open
58bfd1040ccb2667fe272fb5,2016-07-21 20:18:27.194,Closed,2015-02-02 18:00:09.608,Open
58bfd1040ccb2667fe272fb5,2016-07-21 20:18:27.194,Closed,2015-02-06 05:31:32.644,Open
58bfd2a70ccb2667fe27560f,2016-07-21 20:18:33.383,Closed,2016-05-23 14:28:05.206,Open
58bfd2a70ccb2667fe27560f,2016-07-21 20:18:33.383,Closed,2016-05-23 10:53:22.488,Open
58bfcee10ccb2667fe26f9ef,2016-07-21 20:18:33.080,Closed,2014-05-19 22:31:13.347,Open
58bfcee10ccb2667fe26f9ef,2016-07-21 20:18:33.080,Closed,2014-03-11 00:46:55.152,Open
58bfcf890ccb2667fe270cb3,2014-03-13 18:17:11.757,Closed,2013-05-16 08:31:07.921,Open
58bfcf890ccb2667fe270cb3,2014-03-13 18:17:11.757,Closed,2013-05-16 07:35:12.437,Open
58bfcf890ccb2667fe270cb3,2014-03-13 18:17:11.757,Closed,2013-05-15 22:18:17.945,Open
58bfcf8e0ccb2667fe270d42,2014-03-13 18:17:12.379,Closed,2013-12-30 11:40:38.826,Open
58bfcf3c0ccb2667fe270153,2014-03-13 18:16:52.307,Closed,2013-09-18 01:53:08.231,Open
58bfcf3c0ccb2667fe270153,2014-03-13 18:16:52.307,Closed,2013-09-18 21:36:41.689,Open
58bfcf440ccb2667fe270264,2014-03-13 18:16:54.316,Closed,2013-03-03 01:48:09.379,Open
58bfcf5f0ccb2667fe27064d,2014-03-13 18:17:00.328,Closed,2013-09-07 11:42:38.601,Open
58bfcf680ccb2667fe2707a5,2014-03-13 18:17:02.516,Closed,2013-10-19 09:30:00.785,Open
58bfcf680ccb2667fe2707a5,2014-03-13 18:17:02.516,Closed,2012-11-05 22:49:23.906,Open
58bfcf680ccb2667fe2707a5,2014-03-13 18:17:02.516,Closed,2012-11-06 22:42:24.979,Open
58bfcf110ccb2667fe26fd3f,2014-03-13 18:16:57.847,Closed,2013-09-12 19:45:05.654,Open
58bfcf110ccb2667fe26fd3f,2014-03-13 18:16:57.847,Closed,2013-08-14 07:23:10.758,Open
58bfcf110ccb2667fe26fd3f,2014-03-13 18:16:57.847,Closed,2013-09-18 09:31:24.514,Open
58bfcf110ccb2667fe26fd3f,2014-03-13 18:16:57.847,Closed,2013-09-03 07:20:50.061,Open
58bfcf640ccb2667fe270715,2014-03-13 18:17:01.937,Closed,2013-10-09 16:44:58.854,Open
58bfcf660ccb2667fe270758,2014-03-13 18:17:01.403,Closed,2013-08-30 18:47:43.917,Open
58bfcf660ccb2667fe270758,2014-03-13 18:17:01.403,Closed,2013-02-03 06:53:38.264,Open
58bfcf6b0ccb2667fe27086d,2014-03-13 18:17:03.620,Closed,2013-09-30 19:54:21.542,Open
58bfcf790ccb2667fe270a87,2014-03-13 18:17:06.551,Closed,2013-10-07 23:48:50.587,Open
58bfcf790ccb2667fe270a87,2014-03-13 18:17:06.551,Closed,2013-09-08 04:49:33.650,Open
58bfcf880ccb2667fe270c6e,2014-03-13 18:17:10.407,Closed,2013-12-03 15:34:16.592,Open
58bfcf880ccb2667fe270c6e,2014-03-13 18:17:10.407,Closed,2013-11-28 15:08:57.975,Open
58bfcf880ccb2667fe270c6e,2014-03-13 18:17:10.407,Closed,2013-02-03 06:32:54.468,Open
58bfcf8d0ccb2667fe270d20,2014-03-13 18:17:12.047,Closed,2013-12-30 11:54:11.034,Open
58bfcf8d0ccb2667fe270d20,2014-03-13 18:17:12.047,Closed,2013-12-31 10:09:01.878,Open
58bfcf930ccb2667fe270db2,2014-03-13 18:17:13.347,Closed,2013-12-21 03:00:49.203,Open
58bfcf930ccb2667fe270db2,2014-03-13 18:17:13.347,Closed,2014-02-12 13:43:16.957,Open
58bfcf4a0ccb2667fe270328,2014-03-13 18:31:49.084,Closed,2013-11-04 01:48:50.927,Open
58bfcf4a0ccb2667fe270328,2014-03-13 18:31:49.084,Closed,2013-11-01 04:56:24.573,Open
58bfcf4a0ccb2667fe270328,2014-03-13 18:31:49.084,Closed,2013-11-04 00:24:14.392,Open
58bfcf4a0ccb2667fe270328,2014-03-13 18:31:49.084,Closed,2013-11-01 02:47:39.999,Open
58bfcf4a0ccb2667fe270328,2014-03-13 18:31:49.084,Closed,2013-11-04 03:50:11.051,Open
58bfcf4a0ccb2667fe270328,2014-03-13 18:31:49.084,Closed,2013-10-31 04:51:23.680,Open
58bfcf4a0ccb2667fe270328,2014-03-13 18:31:49.084,Closed,2013-10-31 14:09:57.274,Open
58bfd2b00ccb2667fe275752,2016-07-21 20:18:37.279,Closed,2015-10-15 22:00:13.007,Open
58bfd2ae0ccb2667fe275723,2016-07-21 20:18:36.532,Closed,2015-12-15 03:37:18.929,Open
58bfd2ae0ccb2667fe275723,2016-07-21 20:18:36.532,Closed,2015-12-12 18:02:46.875,Open
58bfd1070ccb2667fe273022,2016-07-21 20:18:39.658,Closed,2015-10-31 22:32:30.423,Open
58bfd1070ccb2667fe273022,2016-07-21 20:18:39.658,Closed,2014-01-29 21:17:54.858,Open
58bfd1070ccb2667fe273022,2016-07-21 20:18:39.658,Closed,2014-01-30 16:19:58.999,Open
58bfd1070ccb2667fe273022,2016-07-21 20:18:39.658,Closed,2014-02-02 18:41:04.825,Open
58bfd1070ccb2667fe273022,2016-07-21 20:18:39.658,Closed,2014-01-30 17:35:45.782,Open
58bfd1a20ccb2667fe273bc0,2016-07-21 20:18:45.511,Closed,2016-06-06 21:45:47.037,Open
58bfd1a20ccb2667fe273bc0,2016-07-21 20:18:45.511,Closed,2016-06-08 04:53:56.484,Open
58bfd2820ccb2667fe2750eb,2016-07-21 20:18:21.693,Closed,2016-06-23 14:29:02.781,Open
58bfd2820ccb2667fe2750eb,2016-07-21 20:18:21.693,Closed,2016-05-20 19:28:06.184,Open
58bfd2820ccb2667fe2750eb,2016-07-21 20:18:21.693,Closed,2016-06-23 18:52:36.609,Open
58bfd2820ccb2667fe2750eb,2016-07-21 20:18:21.693,Closed,2016-05-21 09:07:36.530,Open
58bfd2820ccb2667fe2750eb,2016-07-21 20:18:21.693,Closed,2016-06-19 14:40:35.939,Open
58bfd2820ccb2667fe2750eb,2016-07-21 20:18:21.693,Closed,2016-06-21 17:05:49.406,Open
58bfd2820ccb2667fe2750eb,2016-07-21 20:18:21.693,Closed,2016-05-21 21:01:12.345,Open
58bfd2bc0ccb2667fe2758f1,2016-07-21 20:18:42.551,Closed,2015-12-05 22:24:36.694,Open
58bfd2a10ccb2667fe2754d6,2016-07-21 20:18:31.167,Closed,2016-03-10 00:49:21.630,Open
58bfd2a10ccb2667fe2754d6,2016-07-21 20:18:31.167,Closed,2016-03-15 17:09:45.158,Open
58bfd2a10ccb2667fe2754d6,2016-07-21 20:18:31.167,Closed,2016-03-30 13:19:50.588,Open
58bfd2b80ccb2667fe27585a,2016-07-21 20:18:41.259,Closed,2015-06-10 01:58:21.338,Open
58bfcf1a0ccb2667fe26fdac,2014-03-13 18:17:07.463,Closed,2013-10-22 10:59:11.063,Open
58bfd2f50ccb2667fe275e96,2016-09-04 05:28:47.768,Closed,2016-02-03 23:02:14.226,Open
58bfd2f50ccb2667fe275e96,2016-09-04 05:28:47.768,Closed,2015-08-24 04:24:46.216,Open
58bfd2f50ccb2667fe275e96,2016-09-04 05:28:47.768,Closed,2016-01-30 04:30:40.332,Open
58bfd2f50ccb2667fe275e96,2016-09-04 05:28:47.768,Closed,2016-08-08 10:19:46.607,Open
58bfd2f50ccb2667fe275e96,2016-09-04 05:28:47.768,Closed,2016-02-02 05:08:14.148,Open
58bfd2b50ccb2667fe2757c0,2016-07-21 20:18:38.428,Closed,2016-05-03 17:43:31.948,Open
58bfd2b50ccb2667fe2757c0,2016-07-21 20:18:38.428,Closed,2016-05-17 21:11:22.590,Open
58bfd2a80ccb2667fe27563c,2016-07-21 20:18:33.679,Closed,2015-08-25 14:21:49.939,Open
58bfd2a80ccb2667fe27563c,2016-07-21 20:18:33.679,Closed,2015-08-22 04:10:08.721,Open
58bfd1cf0ccb2667fe273ebe,2016-07-21 20:18:23.658,Closed,2015-10-30 11:34:19.507,Open
58bfd1cf0ccb2667fe273ebe,2016-07-21 20:18:23.658,Closed,2015-10-29 22:09:13.945,Open
58bfd1cf0ccb2667fe273ebe,2016-07-21 20:18:23.658,Closed,2015-10-30 15:53:18.367,Open
58bfd1cf0ccb2667fe273ebe,2016-07-21 20:18:23.658,Closed,2015-12-09 21:31:31.545,Open
58bfd1cf0ccb2667fe273ebe,2016-07-21 20:18:23.658,Closed,2015-10-30 12:20:53.174,Open
58bfd1cf0ccb2667fe273ebe,2016-07-21 20:18:23.658,Closed,2015-10-29 23:49:21.478,Open
58bfd1cf0ccb2667fe273ebe,2016-07-21 20:18:23.658,Closed,2015-12-10 09:32:27.815,Open
58bfd2170ccb2667fe2746ad,2016-07-21 20:18:24.904,Closed,2016-03-10 00:39:08.331,Open
58bfd2990ccb2667fe2753ef,2016-07-21 20:18:28.838,Closed,2015-10-26 08:59:58.213,Open
58bfd2a50ccb2667fe275593,2016-07-21 20:18:32.148,Closed,2016-06-19 14:59:28.859,Open
58bfd2a50ccb2667fe275593,2016-07-21 20:18:32.148,Closed,2016-06-23 10:08:59.706,Open
58bfd2f80ccb2667fe275ec4,2016-09-04 05:28:45.661,Closed,2016-07-28 23:02:17.758,Open
58bfd2b90ccb2667fe275894,2016-07-21 20:18:40.467,Closed,2012-01-23 20:03:15.231,Open
58bfd1c50ccb2667fe273e32,2016-07-21 20:18:32.590,Closed,2016-05-21 19:12:27.320,Open
58bfcfd90ccb2667fe2713d4,2014-03-13 18:16:56.130,Closed,2013-08-29 12:42:13.250,Open
58bfcfd90ccb2667fe2713d4,2014-03-13 18:16:56.130,Closed,2013-11-07 10:47:01.548,Open
58bfcfd90ccb2667fe2713d4,2014-03-13 18:16:56.130,Closed,2013-10-24 15:09:52.886,Open
58bfcfd90ccb2667fe2713d4,2014-03-13 18:16:56.130,Closed,2012-03-19 05:56:23.658,Open
58bfd35f0ccb2667fe2767d9,2014-03-13 18:17:04.070,Closed,2013-04-18 12:14:40.008,Open
58bfd35f0ccb2667fe2767d9,2014-03-13 18:17:04.070,Closed,2013-03-14 05:05:14.476,Open
58bfcaa20ccb2667fe269e77,2008-09-09 21:11:22.602,Closed,2008-07-31 21:00:25.237,Open
58bfcab20ccb2667fe269f27,2008-10-26 01:10:37.506,Closed,2008-09-30 13:15:25.956,Open
58bfcab20ccb2667fe269f27,2008-10-26 01:10:37.506,Closed,2008-10-02 21:02:59.718,Open
58bfcacb0ccb2667fe26a16d,2008-10-26 01:10:41.876,Closed,2008-08-29 00:25:13.447,Open
58bfcabc0ccb2667fe26a033,2008-10-26 01:10:41.836,Closed,2008-08-07 21:46:40.366,Open
58bfcaae0ccb2667fe269edb,2008-10-26 01:10:42.970,Closed,2008-09-17 05:06:34.963,Open
58bfcaae0ccb2667fe269edb,2008-10-26 01:10:42.970,Closed,2008-09-15 23:50:12.062,Open
58bfcaaf0ccb2667fe269ef4,2008-10-26 01:10:37.628,Closed,2008-10-01 23:00:45.842,Open
58bfc53475da6d1bb6166a83,2008-09-09 21:11:22.602,Closed,2008-07-31 21:00:25.237,Open
58bfcb600ccb2667fe26ad13,2009-07-08 20:24:00.965,Closed,2009-04-01 23:59:10.322,Open
58bfcb600ccb2667fe26ad13,2009-07-08 20:24:00.965,Closed,2009-04-01 22:02:58.409,Open
58bfcaae0ccb2667fe269ee8,2008-10-26 01:10:37.939,Closed,2008-06-11 21:47:40.598,Open
58bfcaae0ccb2667fe269ee8,2008-10-26 01:10:37.939,Closed,2008-07-28 17:40:48.108,Open
58bfcabb0ccb2667fe26a012,2008-10-26 01:10:38.089,Closed,2008-10-18 00:22:32.148,Open
58bfcabb0ccb2667fe26a012,2008-10-26 01:10:38.089,Closed,2008-10-16 22:25:16.995,Open
58bfcad00ccb2667fe26a236,2008-10-26 01:10:41.999,Closed,2008-09-09 18:09:56.930,Open
58bfcb710ccb2667fe26adcf,2009-07-08 20:24:00.817,Closed,2009-04-14 01:10:11.200,Open
58bfcb840ccb2667fe26af87,2009-07-08 20:24:02.879,Closed,2009-04-16 08:12:24.439,Open
58bfcb400ccb2667fe26aa90,2009-07-08 20:24:03.284,Closed,2009-05-04 22:32:04.459,Open
58bfcb9a0ccb2667fe26b199,2009-07-08 20:24:04.784,Closed,2009-05-20 17:35:40.910,Open
58bfcbaa0ccb2667fe26b2d3,2009-07-08 20:24:05.758,Closed,2009-06-08 22:37:11.366,Open
58bfcbaa0ccb2667fe26b2d3,2009-07-08 20:24:05.758,Closed,2009-06-09 18:29:36.557,Open
58bfcaa00ccb2667fe269e5f,2009-02-13 21:18:48.766,Closed,2009-01-30 05:50:54.867,Open
58bfcaa00ccb2667fe269e5f,2009-02-13 21:18:48.766,Closed,2009-01-26 13:41:47.750,Open
58bfcbe60ccb2667fe26b81c,2010-03-26 17:24:55.709,Closed,2009-09-18 23:14:18.707,Open
58bfcb110ccb2667fe26a710,2009-02-13 21:18:49.483,Closed,2008-11-19 01:13:43.098,Open
58bfcb120ccb2667fe26a72b,2009-02-13 21:18:49.122,Closed,2008-09-17 00:21:20.237,Open
58bfcb1d0ccb2667fe26a7fd,2009-02-13 21:18:50.755,Closed,2008-12-12 19:55:08.863,Open
58bfcb1f0ccb2667fe26a827,2009-02-13 21:18:50.361,Closed,2009-01-31 02:21:26.742,Open
58bfcc260ccb2667fe26beee,2010-03-26 17:25:08.725,Closed,2010-01-27 21:08:08.584,Open
58bfcc260ccb2667fe26beee,2010-03-26 17:25:08.725,Closed,2010-03-05 23:11:45.352,Open
58bfcb710ccb2667fe26adce,2009-07-08 20:24:02.717,Closed,2009-04-16 20:47:05.490,Open
58bfcb9f0ccb2667fe26b1f4,2009-07-08 20:24:04.542,Closed,2009-05-19 18:17:08.683,Open
58bfcbb10ccb2667fe26b35c,2009-07-08 20:24:06.218,Closed,2009-06-30 20:00:59.496,Open
58bfcbb10ccb2667fe26b35c,2009-07-08 20:24:06.218,Closed,2009-06-30 18:58:11.354,Open
58bfcbbb0ccb2667fe26b419,2009-09-05 22:36:19.033,Closed,2009-06-04 17:23:37.997,Open
58bfcbbb0ccb2667fe26b419,2009-09-05 22:36:19.033,Closed,2009-07-22 05:13:33.033,Open
58bfcacd0ccb2667fe26a1ae,2008-10-26 01:10:41.111,Closed,2008-07-29 22:33:32.495,Open
58bfcacd0ccb2667fe26a1ae,2008-10-26 01:10:41.111,Closed,2008-07-25 05:59:52.405,Open
58bfcbf60ccb2667fe26b9e6,2010-03-26 17:25:00.536,Closed,2009-11-05 21:45:09.940,Open
58bfcbca0ccb2667fe26b583,2010-03-26 17:25:01.749,Closed,2009-11-02 20:41:29.927,Open
58bfcbca0ccb2667fe26b583,2010-03-26 17:25:01.749,Closed,2009-11-06 20:52:32.758,Open
58bfcadf0ccb2667fe26a34c,2008-10-26 01:10:42.542,Closed,2008-09-09 18:15:42.048,Open
58bfcadf0ccb2667fe26a34c,2008-10-26 01:10:42.542,Closed,2008-09-25 20:13:13.294,Open
58bfcc1c0ccb2667fe26bdac,2010-03-26 17:25:04.291,Closed,2010-03-11 22:40:36.753,Open
58bfcc1c0ccb2667fe26bdac,2010-03-26 17:25:04.291,Closed,2010-03-10 22:15:58.248,Open
58bfcc1c0ccb2667fe26bdac,2010-03-26 17:25:04.291,Closed,2010-03-17 00:35:28.045,Open
58bfcc1c0ccb2667fe26bdac,2010-03-26 17:25:04.291,Closed,2010-03-11 21:22:15.422,Open
58bfcc1c0ccb2667fe26bdac,2010-03-26 17:25:04.291,Closed,2010-03-10 18:57:33.658,Open
58bfcbe90ccb2667fe26b88e,2010-03-26 17:25:07.846,Closed,2009-12-02 05:00:07.443,Open
58bfcacc0ccb2667fe26a182,2008-10-26 01:10:41.802,Closed,2008-08-06 16:04:52.819,Open
58bfcadc0ccb2667fe26a310,2008-10-26 01:10:42.425,Closed,2008-09-03 21:18:48.023,Open
58bfcad20ccb2667fe26a25a,2008-10-26 01:10:41.958,Closed,2008-08-25 23:44:09.022,Open
58bfcada0ccb2667fe26a2ec,2008-10-26 01:10:42.335,Closed,2008-09-10 03:53:35.664,Open
58bfcb310ccb2667fe26a997,2009-02-13 21:18:54.133,Closed,2009-01-26 18:27:53.831,Open
58bfcb4c0ccb2667fe26abb1,2009-07-08 20:23:56.542,Closed,2009-06-24 17:29:18.177,Open
58bfcb4c0ccb2667fe26abb1,2009-07-08 20:23:56.542,Closed,2009-06-09 21:22:17.709,Open
58bfcae30ccb2667fe26a3a8,2008-10-26 01:10:43.460,Closed,2008-10-10 23:14:05.296,Open
58bfcb080ccb2667fe26a666,2009-02-13 21:18:49.795,Closed,2009-01-28 01:03:31.592,Open
58bfcac50ccb2667fe26a0de,2008-10-26 01:10:40.661,Closed,2008-08-01 16:34:59.549,Open
58bfcac50ccb2667fe26a0de,2008-10-26 01:10:40.661,Closed,2008-07-24 20:34:23.240,Open
58bfcb050ccb2667fe26a632,2009-02-13 21:18:49.350,Closed,2008-10-27 21:36:06.067,Open
58bfcb1a0ccb2667fe26a7c7,2009-02-13 21:18:50.200,Closed,2008-11-18 19:51:01.433,Open
58bfcb220ccb2667fe26a87f,2009-02-13 21:18:50.308,Closed,2008-12-03 21:47:49.683,Open
58bfcaea0ccb2667fe26a42e,2008-10-26 01:10:43.253,Closed,2008-10-05 14:49:09.135,Open
58bfcac00ccb2667fe26a06e,2008-10-26 01:10:43.593,Closed,2008-10-09 17:24:28.651,Open
58bfcac00ccb2667fe26a06e,2008-10-26 01:10:43.593,Closed,2008-10-10 00:00:03.261,Open
58bfcb160ccb2667fe26a788,2009-02-13 21:18:50.879,Closed,2008-12-08 07:57:18.081,Open
58bfcb2e0ccb2667fe26a94f,2009-02-13 21:18:53.795,Closed,2008-12-22 18:33:22.366,Open
58bfcb340ccb2667fe26a9dd,2009-02-13 21:18:54.474,Closed,2009-02-02 18:16:30.184,Open
58bfcb5d0ccb2667fe26acd3,2009-07-08 20:23:57.350,Closed,2009-02-11 17:59:10.816,Open
58bfcb820ccb2667fe26af32,2009-07-08 20:24:02.453,Closed,2009-04-02 20:33:00.451,Open
58bfcb980ccb2667fe26b164,2009-07-08 20:24:04.931,Closed,2009-06-25 01:39:38.081,Open
58bfcb980ccb2667fe26b164,2009-07-08 20:24:04.931,Closed,2009-06-26 05:51:14.880,Open
58bfcb980ccb2667fe26b164,2009-07-08 20:24:04.931,Closed,2009-06-26 18:13:30.959,Open
58bfcb980ccb2667fe26b164,2009-07-08 20:24:04.931,Closed,2009-06-25 22:22:21.578,Open
58bfca980ccb2667fe269e11,2009-07-08 20:23:56.183,Closed,2009-04-23 18:47:40.920,Open
58bfca980ccb2667fe269e11,2009-07-08 20:23:56.183,Closed,2009-04-17 20:14:21.972,Open
58bfca980ccb2667fe269e11,2009-07-08 20:23:56.183,Closed,2008-07-24 21:02:55.876,Open
58bfcd070ccb2667fe26cc21,2011-11-23 19:21:58.681,Closed,2010-06-18 08:15:26.504,Open
58bfcd0b0ccb2667fe26cc80,2011-11-23 19:22:00.608,Closed,2011-06-09 20:38:14.178,Open
58bfcd0b0ccb2667fe26cc80,2011-11-23 19:22:00.608,Closed,2011-06-08 16:22:03.981,Open
58bfcd0b0ccb2667fe26cc80,2011-11-23 19:22:00.608,Closed,2011-07-07 06:18:08.155,Open
58bfcd0b0ccb2667fe26cc80,2011-11-23 19:22:00.608,Closed,2011-06-10 19:08:31.986,Open
58bfcd0b0ccb2667fe26cc80,2011-11-23 19:22:00.608,Closed,2011-05-16 17:24:51.607,Open
58bfcd100ccb2667fe26cd3f,2011-11-23 19:22:01.901,Closed,2010-08-09 22:28:45.449,Open
58bfcd100ccb2667fe26cd3f,2011-11-23 19:22:01.901,Closed,2010-07-28 01:15:55.648,Open
58bfcd100ccb2667fe26cd3f,2011-11-23 19:22:01.901,Closed,2010-07-14 22:42:22.369,Open
58bfcd100ccb2667fe26cd3f,2011-11-23 19:22:01.901,Closed,2010-07-14 21:37:48.086,Open
58bfccd00ccb2667fe26c7ed,2011-11-23 19:22:01.704,Closed,2011-01-11 19:41:27.117,Open
58bfccd00ccb2667fe26c7ed,2011-11-23 19:22:01.704,Closed,2010-11-22 17:58:41.943,Open
58bfcd190ccb2667fe26cf0f,2011-11-23 19:22:03.298,Closed,2011-04-13 13:30:20.203,Open
58bfcd190ccb2667fe26cf0f,2011-11-23 19:22:03.298,Closed,2011-03-25 15:51:17.078,Open
58bfcd190ccb2667fe26cf0f,2011-11-23 19:22:03.298,Closed,2011-03-24 22:22:43.214,Open
58bfcd190ccb2667fe26cf0f,2011-11-23 19:22:03.298,Closed,2011-04-24 13:26:17.062,Open
58bfcd190ccb2667fe26cf0f,2011-11-23 19:22:03.298,Closed,2011-04-12 23:44:51.432,Open
58bfcd050ccb2667fe26cbea,2011-11-23 19:21:58.434,Closed,2011-11-02 04:03:39.918,Open
58bfcd050ccb2667fe26cbea,2011-11-23 19:21:58.434,Closed,2011-11-02 03:48:25.608,Open
58bfcba70ccb2667fe26b2a3,2009-07-08 20:24:05.671,Closed,2009-06-08 22:38:10.476,Open
58bfcbb20ccb2667fe26b374,2009-07-08 20:24:06.305,Closed,2009-07-01 01:01:17.724,Open
58bfcd1d0ccb2667fe26cfac,2011-11-23 19:22:04.808,Closed,2010-04-08 16:33:17.826,Open
58bfcd1d0ccb2667fe26cfac,2011-11-23 19:22:04.808,Closed,2010-04-01 09:11:18.376,Open
58bfcd1d0ccb2667fe26cfac,2011-11-23 19:22:04.808,Closed,2010-04-26 21:20:39.661,Open
58bfcbc60ccb2667fe26b544,2009-09-05 22:36:20.327,Closed,2009-08-05 13:40:42.565,Open
58bfcbd70ccb2667fe26b654,2010-03-26 17:24:53.907,Closed,2010-03-03 10:23:51.495,Open
58bfcbd70ccb2667fe26b654,2010-03-26 17:24:53.907,Closed,2010-03-05 23:10:03.564,Open
58bfcbd70ccb2667fe26b654,2010-03-26 17:24:53.907,Closed,2008-07-24 22:34:37.801,Open
58bfcbd70ccb2667fe26b654,2010-03-26 17:24:53.907,Closed,2008-07-30 23:52:56.789,Open
58bfcbd70ccb2667fe26b654,2010-03-26 17:24:53.907,Closed,2010-03-07 10:43:58.171,Open
58bfcbe70ccb2667fe26b839,2010-03-26 17:24:55.517,Closed,2009-11-11 16:34:08.617,Open
58bfcbe70ccb2667fe26b839,2010-03-26 17:24:55.517,Closed,2009-10-14 19:35:55.552,Open
58bfcbe70ccb2667fe26b839,2010-03-26 17:24:55.517,Closed,2009-11-11 18:53:18.011,Open
58bfcbf20ccb2667fe26b965,2010-03-26 17:25:00.115,Closed,2009-08-09 07:40:31.943,Open
58bfcb820ccb2667fe26af47,2009-07-08 20:24:02.259,Closed,2009-06-09 23:36:04.219,Open
58bfcb820ccb2667fe26af47,2009-07-08 20:24:02.259,Closed,2009-06-08 13:36:40.804,Open
58bfcb8d0ccb2667fe26b065,2009-07-08 20:24:03.190,Closed,2009-04-24 20:28:37.905,Open
58bfcba20ccb2667fe26b233,2009-07-08 20:24:05.840,Closed,2009-06-29 23:50:27.429,Open
58bfcba30ccb2667fe26b245,2009-07-08 20:24:05.792,Closed,2009-06-25 06:16:35.256,Open
58bfcba70ccb2667fe26b28f,2009-07-08 20:24:05.269,Closed,2009-06-04 21:59:54.558,Open
58bfcc040ccb2667fe26bb46,2010-03-26 17:25:02.424,Closed,2009-10-14 17:15:26.459,Open
58bfcc040ccb2667fe26bb46,2010-03-26 17:25:02.424,Closed,2009-10-29 17:44:03.115,Open
58bfcc0b0ccb2667fe26bc1a,2010-03-26 17:25:02.584,Closed,2009-10-15 16:45:22.833,Open
58bfcc0b0ccb2667fe26bc1a,2010-03-26 17:25:02.584,Closed,2009-10-21 03:41:54.371,Open
58bfcc0b0ccb2667fe26bc1a,2010-03-26 17:25:02.584,Closed,2009-10-20 19:12:33.077,Open
58bfcc0b0ccb2667fe26bc1a,2010-03-26 17:25:02.584,Closed,2009-10-20 23:59:12.324,Open
58bfcd330ccb2667fe26d1f6,2011-11-23 19:22:08.642,Closed,2011-08-14 16:45:25.412,Open
58bfcbe80ccb2667fe26b877,2010-03-26 17:24:55.843,Closed,2009-12-16 12:40:30.903,Open
58bfcd1c0ccb2667fe26cf78,2011-11-23 19:22:04.393,Closed,2011-10-26 17:49:54.279,Open
58bfcd1c0ccb2667fe26cf78,2011-11-23 19:22:04.393,Closed,2011-10-26 17:17:07.168,Open
58bfcbf30ccb2667fe26b975,2010-03-26 17:25:00.822,Closed,2009-09-18 23:25:19.782,Open
58bfcbf30ccb2667fe26b975,2010-03-26 17:25:00.822,Closed,2009-09-18 23:11:08.563,Open
58bfcb620ccb2667fe26ad36,2009-07-08 20:24:02.607,Closed,2009-04-03 16:06:19.171,Open
58bfcb860ccb2667fe26afb5,2009-07-08 20:24:02.994,Closed,2009-06-05 06:53:13.328,Open
58bfcb860ccb2667fe26afb5,2009-07-08 20:24:02.994,Closed,2009-06-08 22:39:11.339,Open
58bfcbc20ccb2667fe26b4bd,2009-09-05 22:36:20.615,Closed,2009-08-06 22:32:48.376,Open
58bfcbc20ccb2667fe26b4bd,2009-09-05 22:36:20.615,Closed,2009-08-07 23:27:01.707,Open
58bfcb250ccb2667fe26a8c7,2009-02-13 21:18:53.377,Closed,2008-12-10 21:31:33.288,Open
58bfcb380ccb2667fe26aa16,2009-02-13 21:18:54.307,Closed,2009-01-29 19:55:39.406,Open
58bfcb4b0ccb2667fe26ab9e,2009-07-08 20:24:02.831,Closed,2009-04-14 08:48:39.188,Open
58bfcb4b0ccb2667fe26ab9e,2009-07-08 20:24:02.831,Closed,2009-04-15 03:50:54.622,Open
58bfcb4b0ccb2667fe26ab9e,2009-07-08 20:24:02.831,Closed,2009-04-16 23:10:45.335,Open
58bfcb4b0ccb2667fe26ab9e,2009-07-08 20:24:02.831,Closed,2009-04-22 06:14:54.697,Open
58bfcb920ccb2667fe26b0d3,2009-07-08 20:24:03.591,Closed,2009-05-05 23:37:40.009,Open
58bfcb930ccb2667fe26b0fe,2009-07-08 20:24:03.939,Closed,2009-05-21 16:41:03.259,Open
58bfcb930ccb2667fe26b0fe,2009-07-08 20:24:03.939,Closed,2009-05-20 17:14:26.256,Open
58bfcb3b0ccb2667fe26aa5e,2009-02-13 21:18:54.202,Closed,2009-01-23 19:26:00.966,Open
58bfcb430ccb2667fe26aaa5,2009-07-08 20:23:55.904,Closed,2009-04-20 12:23:48.591,Open
58bfcb430ccb2667fe26aaa5,2009-07-08 20:23:55.904,Closed,2009-04-21 09:04:23.305,Open
58bfcb430ccb2667fe26aaa5,2009-07-08 20:23:55.904,Closed,2009-04-19 07:23:15.765,Open
58bfcb430ccb2667fe26aaa5,2009-07-08 20:23:55.904,Closed,2009-04-17 11:37:13.802,Open
58bfcb430ccb2667fe26aaa5,2009-07-08 20:23:55.904,Closed,2009-04-16 08:18:37.842,Open
58bfcb430ccb2667fe26aaa5,2009-07-08 20:23:55.904,Closed,2009-04-20 14:37:09.808,Open
58bfcb430ccb2667fe26aaa5,2009-07-08 20:23:55.904,Closed,2009-04-20 10:17:41.792,Open
58bfcb430ccb2667fe26aaa5,2009-07-08 20:23:55.904,Closed,2009-04-15 17:16:23.464,Open
58bfcb430ccb2667fe26aaa5,2009-07-08 20:23:55.904,Closed,2009-04-22 10:09:34.226,Open
58bfcb430ccb2667fe26aaa5,2009-07-08 20:23:55.904,Closed,2009-04-17 10:50:57.824,Open
58bfcb4f0ccb2667fe26ac55,2009-07-08 20:23:56.099,Closed,2009-04-02 01:48:55.083,Open
58bfcb4f0ccb2667fe26ac55,2009-07-08 20:23:56.099,Closed,2009-03-27 21:33:33.840,Open
58bfcba90ccb2667fe26b2c4,2009-07-08 20:24:05.715,Closed,2009-06-08 19:52:16.776,Open
58bfcbe10ccb2667fe26b7a5,2010-03-26 17:24:54.954,Closed,2009-10-01 21:00:34.994,Open
58bfcbeb0ccb2667fe26b8b7,2010-03-26 17:24:56.208,Closed,2010-01-11 18:51:19.069,Open
58bfcbeb0ccb2667fe26b8b7,2010-03-26 17:24:56.208,Closed,2010-01-07 15:09:11.024,Open
58bfcbeb0ccb2667fe26b8b7,2010-03-26 17:24:56.208,Closed,2010-01-12 19:39:44.931,Open
58bfcbeb0ccb2667fe26b8b7,2010-03-26 17:24:56.208,Closed,2010-01-06 18:20:48.281,Open
58bfcbeb0ccb2667fe26b8b7,2010-03-26 17:24:56.208,Closed,2010-01-07 05:17:06.781,Open
58bfcbeb0ccb2667fe26b8b7,2010-03-26 17:24:56.208,Closed,2010-01-07 17:41:57.837,Open
58bfcbeb0ccb2667fe26b8b7,2010-03-26 17:24:56.208,Closed,2010-01-05 17:34:16.760,Open
58bfcbf40ccb2667fe26b98f,2010-03-26 17:25:00.865,Closed,2009-10-21 16:02:33.839,Open
58bfcb9c0ccb2667fe26b1b5,2009-07-08 20:24:04.701,Closed,2009-06-17 21:34:39.410,Open
58bfcb9c0ccb2667fe26b1b5,2009-07-08 20:24:04.701,Closed,2009-06-04 17:25:09.010,Open
58bfcb9c0ccb2667fe26b1b5,2009-07-08 20:24:04.701,Closed,2009-06-17 22:27:50.069,Open
58bfcb9c0ccb2667fe26b1b5,2009-07-08 20:24:04.701,Closed,2009-06-17 22:12:24.610,Open
58bfcbab0ccb2667fe26b2eb,2009-07-08 20:24:05.625,Closed,2009-06-17 17:52:02.946,Open
58bfcbab0ccb2667fe26b2eb,2009-07-08 20:24:05.625,Closed,2009-06-15 18:42:09.593,Open
58bfcbc00ccb2667fe26b47f,2009-09-05 22:36:20.239,Closed,2009-08-11 05:56:58.100,Open
58bfcbc00ccb2667fe26b47f,2009-09-05 22:36:20.239,Closed,2009-08-10 16:03:17.262,Open
58bfcbc00ccb2667fe26b47f,2009-09-05 22:36:20.239,Closed,2009-07-31 19:40:20.752,Open
58bfcbc00ccb2667fe26b47f,2009-09-05 22:36:20.239,Closed,2009-08-20 22:46:35.780,Open
58bfcbc00ccb2667fe26b47f,2009-09-05 22:36:20.239,Closed,2009-08-15 03:54:52.924,Open
58bfcbc00ccb2667fe26b47e,2009-09-05 22:36:20.820,Closed,2009-08-21 17:06:19.698,Open
58bfcbc00ccb2667fe26b47e,2009-09-05 22:36:20.820,Closed,2009-08-21 22:47:38.950,Open
58bfcbe40ccb2667fe26b7e1,2010-03-26 17:24:55.278,Closed,2010-03-18 17:57:17.971,Open
58bfcbe40ccb2667fe26b7e1,2010-03-26 17:24:55.278,Closed,2010-03-16 22:16:38.682,Open
58bfcbe40ccb2667fe26b7e1,2010-03-26 17:24:55.278,Closed,2010-03-19 05:56:11.860,Open
58bfcbe40ccb2667fe26b7e1,2010-03-26 17:24:55.278,Closed,2010-03-18 10:08:30.156,Open
58bfcbe40ccb2667fe26b7e1,2010-03-26 17:24:55.278,Closed,2010-03-16 21:24:14.582,Open
58bfcbba0ccb2667fe26b3f8,2010-03-26 17:24:55.672,Closed,2009-07-16 18:21:17.317,Open
58bfcb750ccb2667fe26ae1d,2009-07-08 20:24:01.648,Closed,2009-04-03 22:23:57.306,Open
58bfcb750ccb2667fe26ae1d,2009-07-08 20:24:01.648,Closed,2009-04-08 04:51:24.941,Open
58bfcb850ccb2667fe26afa0,2009-07-08 20:24:02.765,Closed,2009-04-08 07:52:07.732,Open
58bfcb850ccb2667fe26afa0,2009-07-08 20:24:02.765,Closed,2009-04-08 03:59:53.126,Open
58bfcb940ccb2667fe26b115,2009-07-08 20:24:03.511,Closed,2009-04-27 22:15:20.507,Open
58bfcb5b0ccb2667fe26acbb,2009-07-08 20:23:57.191,Closed,2009-04-01 22:03:52.139,Open
58bfcb660ccb2667fe26ad84,2009-07-08 20:24:00.731,Closed,2009-06-02 21:14:38.363,Open
58bfcb660ccb2667fe26ad84,2009-07-08 20:24:00.731,Closed,2009-06-05 05:31:54.729,Open
58bfcb660ccb2667fe26ad84,2009-07-08 20:24:00.731,Closed,2009-05-08 20:52:33.597,Open
58bfcb660ccb2667fe26ad84,2009-07-08 20:24:00.731,Closed,2009-06-03 18:36:01.950,Open
58bfcb830ccb2667fe26af6c,2009-07-08 20:24:02.416,Closed,2009-05-29 09:35:10.159,Open
58bfccc00ccb2667fe26c73c,2010-03-26 17:24:54.241,Closed,2010-03-16 21:06:13.235,Open
58bfccc00ccb2667fe26c73c,2010-03-26 17:24:54.241,Closed,2010-03-16 21:47:23.467,Open
58bfccc00ccb2667fe26c73c,2010-03-26 17:24:54.241,Closed,2010-03-14 02:07:24.143,Open
58bfccc00ccb2667fe26c73c,2010-03-26 17:24:54.241,Closed,2010-03-14 01:15:24.525,Open
58bfccc00ccb2667fe26c73c,2010-03-26 17:24:54.241,Closed,2010-03-12 22:03:00.940,Open
58bfccd40ccb2667fe26c818,2008-10-26 01:10:37.900,Closed,2008-10-07 22:48:24.832,Open
58bfccd40ccb2667fe26c818,2008-10-26 01:10:37.900,Closed,2008-10-14 02:46:32.770,Open
58bfccd40ccb2667fe26c818,2008-10-26 01:10:37.900,Closed,2008-10-10 22:42:52.732,Open
58bfcd5c0ccb2667fe26d6a9,2011-11-23 19:22:23.991,Closed,2010-04-22 17:38:11.243,Open
58bfcd5e0ccb2667fe26d6d3,2011-11-23 19:22:23.316,Closed,2011-03-30 10:40:12.971,Open
58bfccc70ccb2667fe26c7a8,2010-03-26 17:25:09.427,Closed,2010-01-21 18:49:29.724,Open
58bfccc70ccb2667fe26c7a8,2010-03-26 17:25:09.427,Closed,2010-02-19 21:52:30.351,Open
58bfccc70ccb2667fe26c7a8,2010-03-26 17:25:09.427,Closed,2010-02-07 11:25:51.741,Open
58bfccaf0ccb2667fe26c657,2008-10-26 01:10:37.361,Closed,2008-10-16 23:46:45.892,Open
58bfccaf0ccb2667fe26c657,2008-10-26 01:10:37.361,Closed,2008-10-16 19:31:08.081,Open
58bfccae0ccb2667fe26c638,2011-11-23 19:22:25.199,Closed,2011-03-19 23:07:39.468,Open
58bfcd650ccb2667fe26d7af,2011-11-23 19:22:25.825,Closed,2011-04-01 10:50:09.146,Open
58bfcd650ccb2667fe26d7af,2011-11-23 19:22:25.825,Closed,2011-04-01 04:06:54.711,Open
58bfcd650ccb2667fe26d7af,2011-11-23 19:22:25.825,Closed,2011-03-31 19:44:26.077,Open
58bfcd650ccb2667fe26d7af,2011-11-23 19:22:25.825,Closed,2011-03-31 16:12:46.079,Open
58bfccc00ccb2667fe26c73b,2011-11-23 19:22:24.942,Closed,2011-07-11 22:14:37.760,Open
58bfcd580ccb2667fe26d64b,2011-11-23 19:22:24.764,Closed,2011-01-21 04:24:38.582,Open
58bfcd580ccb2667fe26d64b,2011-11-23 19:22:24.764,Closed,2011-01-19 19:58:47.839,Open
58bfcd580ccb2667fe26d64b,2011-11-23 19:22:24.764,Closed,2011-01-12 08:03:49.969,Open
58bfcd580ccb2667fe26d64b,2011-11-23 19:22:24.764,Closed,2011-01-05 23:16:15.654,Open
58bfcd710ccb2667fe26da21,2011-11-23 19:22:27.260,Closed,2010-09-28 17:42:12.990,Open
58bfcd710ccb2667fe26da21,2011-11-23 19:22:27.260,Closed,2010-09-26 14:19:00.934,Open
58bfcd710ccb2667fe26da21,2011-11-23 19:22:27.260,Closed,2010-09-20 15:18:44.602,Open
58bfcd670ccb2667fe26d7ec,2011-11-23 19:22:26.843,Closed,2011-02-18 16:33:17.799,Open
58bfcd680ccb2667fe26d803,2011-11-23 19:22:26.043,Closed,2011-07-14 03:45:29.251,Open
58bfcd680ccb2667fe26d803,2011-11-23 19:22:26.043,Closed,2011-07-13 16:18:35.277,Open
58bfccd40ccb2667fe26c841,2011-11-23 19:22:26.209,Closed,2011-07-07 06:13:50.093,Open
58bfccd40ccb2667fe26c841,2011-11-23 19:22:26.209,Closed,2011-05-16 18:41:59.644,Open
58bfccd40ccb2667fe26c841,2011-11-23 19:22:26.209,Closed,2011-05-13 07:04:35.939,Open
58bfccd40ccb2667fe26c841,2011-11-23 19:22:26.209,Closed,2011-07-13 20:57:37.589,Open
58bfcd680ccb2667fe26d802,2011-11-23 19:22:26.439,Closed,2011-06-07 23:36:04.833,Open
58bfcd680ccb2667fe26d802,2011-11-23 19:22:26.439,Closed,2011-05-30 21:32:51.664,Open
58bfcd680ccb2667fe26d802,2011-11-23 19:22:26.439,Closed,2011-05-30 20:23:44.107,Open
58bfcd6d0ccb2667fe26d96c,2011-11-23 19:22:27.744,Closed,2010-11-10 10:25:17.246,Open
58bfcd6d0ccb2667fe26d96c,2011-11-23 19:22:27.744,Closed,2010-11-05 23:38:33.089,Open
58bfcd6d0ccb2667fe26d96c,2011-11-23 19:22:27.744,Closed,2010-10-22 13:19:22.393,Open
58bfcd6d0ccb2667fe26d96c,2011-11-23 19:22:27.744,Closed,2010-11-10 09:15:49.090,Open
58bfcd6d0ccb2667fe26d96c,2011-11-23 19:22:27.744,Closed,2010-10-21 23:49:56.361,Open
58bfcd770ccb2667fe26dabc,2011-11-23 19:22:29.155,Closed,2011-07-25 22:13:45.000,Open
58bfcd780ccb2667fe26dad0,2011-11-23 19:22:29.006,Closed,2010-10-27 17:36:56.506,Open
58bfcd6f0ccb2667fe26d9b8,2011-11-23 19:22:27.908,Closed,2011-02-08 21:45:05.615,Open
58bfcca30ccb2667fe26c5f1,2011-11-23 19:22:27.093,Closed,2010-05-20 17:11:21.582,Open
58bfcca30ccb2667fe26c5f1,2011-11-23 19:22:27.093,Closed,2010-05-19 00:52:07.492,Open
58bfcd040ccb2667fe26cbb3,2011-11-23 19:21:58.906,Closed,2011-02-05 11:53:41.217,Open
58bfcd040ccb2667fe26cbb3,2011-11-23 19:21:58.906,Closed,2011-02-05 11:08:28.228,Open
58bfcd040ccb2667fe26cbb3,2011-11-23 19:21:58.906,Closed,2011-02-04 00:44:21.839,Open
58bfcd090ccb2667fe26cc5e,2011-11-23 19:21:59.801,Closed,2010-11-20 00:12:54.883,Open
58bfcd790ccb2667fe26daf6,2011-11-23 19:22:29.552,Closed,2010-12-17 22:13:22.815,Open
58bfcd790ccb2667fe26daf6,2011-11-23 19:22:29.552,Closed,2010-11-02 21:58:43.531,Open
58bfcc8c0ccb2667fe26c478,2011-11-23 19:22:29.721,Closed,2010-10-19 12:08:51.506,Open
58bfcd4b0ccb2667fe26d45b,2011-11-23 19:22:30.011,Closed,2011-06-08 16:23:19.717,Open
58bfcc010ccb2667fe26baf5,2010-03-26 17:25:02.209,Closed,2009-12-18 05:57:41.863,Open
58bfcc010ccb2667fe26baf5,2010-03-26 17:25:02.209,Closed,2009-12-18 18:52:31.592,Open
58bfcc010ccb2667fe26baf5,2010-03-26 17:25:02.209,Closed,2009-12-18 04:29:36.763,Open
58bfcc100ccb2667fe26bc85,2010-03-26 17:25:03.667,Closed,2009-11-08 21:47:35.820,Open
58bfcc470ccb2667fe26c1c9,2010-03-26 17:25:11.814,Closed,2010-03-10 11:10:24.492,Open
58bfcd3c0ccb2667fe26d2de,2011-11-23 19:22:13.911,Closed,2010-08-31 23:23:48.154,Open
58bfcd3c0ccb2667fe26d2de,2011-11-23 19:22:13.911,Closed,2010-09-15 08:54:23.905,Open
58bfcd3c0ccb2667fe26d2de,2011-11-23 19:22:13.911,Closed,2010-09-15 07:01:21.828,Open
58bfcd430ccb2667fe26d39e,2011-11-23 19:22:15.691,Closed,2011-10-05 17:34:06.919,Open
58bfcd4d0ccb2667fe26d4cf,2011-11-23 19:22:19.290,Closed,2011-06-17 20:12:08.140,Open
58bfcd4d0ccb2667fe26d4cf,2011-11-23 19:22:19.290,Closed,2011-06-17 19:16:59.809,Open
58bfcd240ccb2667fe26d129,2011-11-23 19:22:20.254,Closed,2010-06-29 13:36:36.208,Open
58bfcd240ccb2667fe26d129,2011-11-23 19:22:20.254,Closed,2010-06-25 20:14:51.576,Open
58bfcc2c0ccb2667fe26bf8e,2010-03-26 17:25:08.389,Closed,2010-01-23 09:06:00.842,Open
58bfcc2c0ccb2667fe26bf8e,2010-03-26 17:25:08.389,Closed,2010-01-19 17:48:47.779,Open
58bfcc2c0ccb2667fe26bf8e,2010-03-26 17:25:08.389,Closed,2010-01-21 19:21:30.384,Open
58bfcc2c0ccb2667fe26bf8e,2010-03-26 17:25:08.389,Closed,2009-12-25 08:58:03.050,Open
58bfcc2c0ccb2667fe26bf8e,2010-03-26 17:25:08.389,Closed,2010-01-19 17:57:56.087,Open
58bfcc3a0ccb2667fe26c0cf,2010-03-26 17:25:10.442,Closed,2010-02-16 17:12:59.761,Open
58bfcc390ccb2667fe26c0b6,2010-03-26 17:25:10.802,Closed,2010-02-16 16:54:45.307,Open
58bfcc410ccb2667fe26c15b,2010-03-26 17:25:11.334,Closed,2010-03-04 22:35:45.948,Open
58bfcbf10ccb2667fe26b959,2010-03-26 17:25:07.662,Closed,2009-11-28 14:46:18.202,Open
58bfcbf10ccb2667fe26b959,2010-03-26 17:25:07.662,Closed,2009-11-29 11:26:49.784,Open
58bfcbf10ccb2667fe26b959,2010-03-26 17:25:07.662,Closed,2009-12-13 11:15:51.643,Open
58bfcbf10ccb2667fe26b959,2010-03-26 17:25:07.662,Closed,2009-12-14 10:46:54.888,Open
58bfcbf10ccb2667fe26b959,2010-03-26 17:25:07.662,Closed,2009-11-30 15:26:58.327,Open
58bfcbf10ccb2667fe26b959,2010-03-26 17:25:07.662,Closed,2009-12-12 22:03:02.526,Open
58bfcd450ccb2667fe26d3d0,2011-11-23 19:22:15.507,Closed,2010-05-18 09:14:35.178,Open
58bfcd4b0ccb2667fe26d45c,2011-11-23 19:22:17.524,Closed,2010-07-21 07:12:09.581,Open
58bfcd4b0ccb2667fe26d45c,2011-11-23 19:22:17.524,Closed,2010-07-28 22:11:20.059,Open
58bfcd4b0ccb2667fe26d45c,2011-11-23 19:22:17.524,Closed,2010-07-27 13:39:50.276,Open
58bfcd4b0ccb2667fe26d45c,2011-11-23 19:22:17.524,Closed,2010-07-22 16:37:51.532,Open
58bfcd560ccb2667fe26d5f3,2011-11-23 19:22:21.909,Closed,2011-05-26 20:53:02.848,Open
58bfcd570ccb2667fe26d626,2011-11-23 19:22:21.329,Closed,2010-10-25 21:53:37.213,Open
58bfcbcc0ccb2667fe26b5c5,2010-03-26 17:24:54.623,Closed,2009-11-16 22:14:05.562,Open
58bfcd4f0ccb2667fe26d501,2011-11-23 19:22:19.526,Closed,2010-06-01 16:45:52.801,Open
58bfcd4f0ccb2667fe26d501,2011-11-23 19:22:19.526,Closed,2010-05-31 21:18:35.156,Open
58bfcd4f0ccb2667fe26d501,2011-11-23 19:22:19.526,Closed,2010-05-26 17:15:42.581,Open
58bfcd4f0ccb2667fe26d501,2011-11-23 19:22:19.526,Closed,2010-06-01 23:47:51.922,Open
58bfcd4f0ccb2667fe26d501,2011-11-23 19:22:19.526,Closed,2010-05-26 16:46:06.293,Open
58bfcbc40ccb2667fe26b4ef,2009-09-05 22:36:20.664,Closed,2009-08-09 00:43:20.198,Open
58bfcaf20ccb2667fe26a4da,2008-10-26 01:10:42.235,Closed,2008-09-23 20:14:07.896,Open
58bfcaf20ccb2667fe26a4da,2008-10-26 01:10:42.235,Closed,2008-09-15 23:35:32.600,Open
58bfcc170ccb2667fe26bd1f,2010-03-26 17:25:03.964,Closed,2009-11-19 22:26:34.756,Open
58bfcc170ccb2667fe26bd1f,2010-03-26 17:25:03.964,Closed,2009-11-19 22:41:12.876,Open
58bfcc170ccb2667fe26bd1f,2010-03-26 17:25:03.964,Closed,2009-11-19 23:19:52.720,Open
58bfcc180ccb2667fe26bd57,2010-03-26 17:25:04.011,Closed,2010-03-11 23:05:39.418,Open
58bfcc180ccb2667fe26bd57,2010-03-26 17:25:04.011,Closed,2010-03-12 23:05:08.512,Open
58bfcc180ccb2667fe26bd57,2010-03-26 17:25:04.011,Closed,2010-03-11 23:45:53.730,Open
58bfcc180ccb2667fe26bd57,2010-03-26 17:25:04.011,Closed,2010-03-12 22:37:05.475,Open
58bfcc180ccb2667fe26bd57,2010-03-26 17:25:04.011,Closed,2010-03-12 21:29:58.528,Open
58bfcc180ccb2667fe26bd57,2010-03-26 17:25:04.011,Closed,2010-03-14 04:13:36.057,Open
58bfcc300ccb2667fe26bfe4,2010-03-26 17:25:09.225,Closed,2009-12-16 16:18:37.481,Open
58bfcc300ccb2667fe26bfe4,2010-03-26 17:25:09.225,Closed,2009-12-16 18:04:08.161,Open
58bfcd1f0ccb2667fe26d032,2011-11-23 19:22:05.799,Closed,2011-08-26 00:48:41.097,Open
58bfcd210ccb2667fe26d05c,2011-11-23 19:22:05.985,Closed,2011-06-21 17:47:09.738,Open
58bfcd220ccb2667fe26d084,2011-11-23 19:22:05.543,Closed,2011-07-27 15:30:11.168,Open
58bfcd220ccb2667fe26d084,2011-11-23 19:22:05.543,Closed,2011-07-22 18:50:31.077,Open
58bfcd220ccb2667fe26d084,2011-11-23 19:22:05.543,Closed,2011-07-19 22:46:28.521,Open
58bfcd220ccb2667fe26d084,2011-11-23 19:22:05.543,Closed,2011-08-19 01:02:27.720,Open
58bfcd220ccb2667fe26d084,2011-11-23 19:22:05.543,Closed,2011-08-11 05:37:54.805,Open
58bfcd220ccb2667fe26d084,2011-11-23 19:22:05.543,Closed,2011-08-26 23:11:56.706,Open
58bfcd3e0ccb2667fe26d316,2011-11-23 19:22:13.180,Closed,2011-08-15 07:32:36.833,Open
58bfcc000ccb2667fe26bad3,2010-03-26 17:25:01.418,Closed,2009-10-01 20:58:07.247,Open
58bfcc020ccb2667fe26bb12,2010-03-26 17:25:02.169,Closed,2010-03-05 23:33:01.593,Open
58bfcc020ccb2667fe26bb12,2010-03-26 17:25:02.169,Closed,2010-01-21 01:38:20.410,Open
58bfcc020ccb2667fe26bb12,2010-03-26 17:25:02.169,Closed,2010-02-19 21:47:47.349,Open
58bfcc020ccb2667fe26bb12,2010-03-26 17:25:02.169,Closed,2010-03-05 23:08:46.854,Open
58bfcc090ccb2667fe26bbd9,2010-03-26 17:25:02.277,Closed,2009-11-16 23:07:24.809,Open
58bfcc090ccb2667fe26bbd9,2010-03-26 17:25:02.277,Closed,2009-11-04 16:25:09.741,Open
58bfcc090ccb2667fe26bbd9,2010-03-26 17:25:02.277,Closed,2009-10-23 22:48:51.419,Open
58bfcc1f0ccb2667fe26be35,2010-03-26 17:25:07.761,Closed,2010-03-12 00:53:42.209,Open
58bfcc1f0ccb2667fe26be35,2010-03-26 17:25:07.761,Closed,2010-02-19 21:52:43.043,Open
58bfcc230ccb2667fe26bec7,2010-03-26 17:25:08.286,Closed,2009-12-11 18:59:04.954,Open
58bfcc240ccb2667fe26bed5,2010-03-26 17:25:08.436,Closed,2009-12-11 21:05:42.843,Open
58bfcc380ccb2667fe26c0a1,2010-03-26 17:25:10.868,Closed,2010-02-19 21:50:53.213,Open
58bfcbf00ccb2667fe26b91c,2010-03-26 17:25:00.501,Closed,2009-09-15 18:30:21.819,Open
58bfcbf00ccb2667fe26b91c,2010-03-26 17:25:00.501,Closed,2009-09-11 23:39:22.501,Open
58bfcbf50ccb2667fe26b9ab,2010-03-26 17:25:00.407,Closed,2009-10-21 16:16:09.378,Open
58bfcc050ccb2667fe26bb7b,2010-03-26 17:25:02.372,Closed,2009-10-19 19:44:28.746,Open
58bfcc050ccb2667fe26bb7b,2010-03-26 17:25:02.372,Closed,2009-10-12 21:45:37.230,Open
58bfcc050ccb2667fe26bb7b,2010-03-26 17:25:02.372,Closed,2009-10-21 06:31:20.089,Open
58bfcc080ccb2667fe26bbb5,2010-03-26 17:25:02.681,Closed,2009-11-03 01:49:22.617,Open
58bfcc0a0ccb2667fe26bc02,2010-03-26 17:25:02.058,Closed,2009-10-06 17:52:13.811,Open
58bfcc140ccb2667fe26bcd6,2010-03-26 17:25:03.610,Closed,2010-02-11 21:45:54.875,Open
58bfcc140ccb2667fe26bcd6,2010-03-26 17:25:03.610,Closed,2010-02-02 21:10:51.952,Open
58bfcc140ccb2667fe26bcd6,2010-03-26 17:25:03.610,Closed,2010-02-03 23:31:35.800,Open
58bfcc140ccb2667fe26bcd6,2010-03-26 17:25:03.610,Closed,2010-02-19 21:45:48.837,Open
58bfcc140ccb2667fe26bcd6,2010-03-26 17:25:03.610,Closed,2010-02-11 22:37:56.803,Open
58bfcbdc0ccb2667fe26b6d2,2010-03-26 17:24:54.838,Closed,2009-06-18 15:38:44.633,Open
58bfcbdc0ccb2667fe26b6d2,2010-03-26 17:24:54.838,Closed,2009-05-13 17:15:23.484,Open
58bfcac50ccb2667fe26a0dd,2010-03-26 17:24:54.207,Closed,2008-07-24 22:01:18.085,Open
58bfcbec0ccb2667fe26b8ef,2010-03-26 17:24:59.963,Closed,2009-08-28 16:19:31.586,Open
58bfcbec0ccb2667fe26b8ef,2010-03-26 17:24:59.963,Closed,2009-08-07 21:22:35.157,Open
58bfcbec0ccb2667fe26b8ef,2010-03-26 17:24:59.963,Closed,2009-09-02 16:18:37.532,Open
58bfcbea0ccb2667fe26b8a9,2010-03-26 17:25:00.217,Closed,2010-01-19 12:26:50.641,Open
58bfcbea0ccb2667fe26b8a9,2010-03-26 17:25:00.217,Closed,2010-01-19 18:10:14.986,Open
58bfcbea0ccb2667fe26b8a9,2010-03-26 17:25:00.217,Closed,2009-11-16 22:31:43.668,Open
58bfcbea0ccb2667fe26b8a9,2010-03-26 17:25:00.217,Closed,2009-11-24 17:31:55.823,Open
58bfcc320ccb2667fe26c023,2010-03-26 17:25:09.831,Closed,2010-01-21 17:34:44.444,Open
58bfcc330ccb2667fe26c03a,2010-03-26 17:25:09.783,Closed,2010-01-20 00:36:37.419,Open
58bfcc330ccb2667fe26c03a,2010-03-26 17:25:09.783,Closed,2010-01-21 01:17:59.226,Open
58bfcc330ccb2667fe26c03a,2010-03-26 17:25:09.783,Closed,2010-01-20 07:41:54.273,Open
58bfcc330ccb2667fe26c03a,2010-03-26 17:25:09.783,Closed,2010-01-19 22:35:54.391,Open
58bfcbd30ccb2667fe26b603,2010-03-26 17:25:10.981,Closed,2010-03-08 23:03:43.869,Open
58bfcbd30ccb2667fe26b603,2010-03-26 17:25:10.981,Closed,2010-03-09 01:42:55.390,Open
58bfcbd30ccb2667fe26b603,2010-03-26 17:25:10.981,Closed,2010-03-05 02:28:43.220,Open
58bfcbd30ccb2667fe26b603,2010-03-26 17:25:10.981,Closed,2010-03-09 00:52:52.247,Open
58bfcbd30ccb2667fe26b603,2010-03-26 17:25:10.981,Closed,2010-03-08 23:13:50.402,Open
58bfcbd30ccb2667fe26b603,2010-03-26 17:25:10.981,Closed,2010-03-10 05:33:51.611,Open
58bfcbd30ccb2667fe26b603,2010-03-26 17:25:10.981,Closed,2010-03-08 18:18:25.049,Open
58bfcc4a0ccb2667fe26c207,2010-03-26 17:25:11.933,Closed,2010-03-18 06:16:57.843,Open
58bfcc220ccb2667fe26be85,2010-03-26 17:25:07.594,Closed,2009-12-04 18:08:07.206,Open
58bfcc220ccb2667fe26be85,2010-03-26 17:25:07.594,Closed,2009-12-02 18:24:52.189,Open
58bfcc220ccb2667fe26be85,2010-03-26 17:25:07.594,Closed,2009-12-03 01:05:02.637,Open
58bfcc220ccb2667fe26be85,2010-03-26 17:25:07.594,Closed,2009-12-02 15:59:01.695,Open
58bfcc280ccb2667fe26bf1e,2010-03-26 17:25:08.108,Closed,2010-01-16 00:34:34.504,Open
58bfcc340ccb2667fe26c059,2010-03-26 17:25:09.476,Closed,2010-01-12 17:39:11.986,Open
58bfcc190ccb2667fe26bd8d,2010-03-26 17:25:04.109,Closed,2009-11-24 00:10:09.760,Open
58bfcd340ccb2667fe26d212,2011-11-23 19:22:08.201,Closed,2011-07-25 21:04:42.432,Open
58bfcd350ccb2667fe26d21f,2011-11-23 19:22:08.398,Closed,2010-04-22 17:38:32.327,Open
58bfcd360ccb2667fe26d22e,2011-11-23 19:22:12.016,Closed,2010-05-17 23:53:29.513,Open
58bfcd380ccb2667fe26d28b,2011-11-23 19:22:12.534,Closed,2011-09-29 08:19:06.977,Open
58bfcd3a0ccb2667fe26d2b2,2011-11-23 19:22:12.256,Closed,2010-09-22 11:54:15.180,Open
58bfcd3a0ccb2667fe26d2b2,2011-11-23 19:22:12.256,Closed,2010-09-07 17:58:13.017,Open
58bfcd3a0ccb2667fe26d2b2,2011-11-23 19:22:12.256,Closed,2010-09-06 16:36:21.429,Open
58bfcd420ccb2667fe26d389,2011-11-23 19:22:14.914,Closed,2011-08-30 05:39:33.203,Open
58bfcd440ccb2667fe26d3b5,2011-11-23 19:22:15.055,Closed,2010-09-15 06:22:09.375,Open
58bfcd120ccb2667fe26cdf8,2011-11-23 19:22:02.689,Closed,2011-06-27 04:22:50.744,Open
58bfcc9f0ccb2667fe26c5c6,2011-11-23 19:22:02.142,Closed,2011-02-09 22:18:28.820,Open
58bfcc9f0ccb2667fe26c5c6,2011-11-23 19:22:02.142,Closed,2011-09-13 22:39:41.619,Open
58bfcd5b0ccb2667fe26d696,2011-11-23 19:22:30.852,Closed,2010-05-04 22:08:28.449,Open
58bfcd800ccb2667fe26dc09,2011-11-23 19:22:31.015,Closed,2010-07-05 20:47:58.998,Open
58bfcd800ccb2667fe26dc09,2011-11-23 19:22:31.015,Closed,2010-07-05 20:03:41.657,Open
58bfcd180ccb2667fe26ce9c,2011-11-23 19:22:03.076,Closed,2011-05-13 13:40:41.851,Open
58bfcd280ccb2667fe26d162,2011-11-23 19:22:06.218,Closed,2011-06-18 18:00:05.776,Open
58bfccb70ccb2667fe26c6bd,2011-11-23 19:22:33.306,Closed,2010-08-10 19:37:44.401,Open
58bfccb70ccb2667fe26c6bd,2011-11-23 19:22:33.306,Closed,2010-06-07 18:20:14.420,Open
58bfccb70ccb2667fe26c6bd,2011-11-23 19:22:33.306,Closed,2010-06-01 17:39:33.694,Open
58bfcd8e0ccb2667fe26dd72,2011-11-23 19:22:38.935,Closed,2010-08-19 13:14:42.585,Open
58bfcd400ccb2667fe26d356,2011-11-23 19:22:39.843,Closed,2009-09-24 16:21:37.377,Open
58bfcdaa0ccb2667fe26e089,2011-11-23 19:22:44.170,Closed,2010-05-05 21:21:33.760,Open
58bfcdb80ccb2667fe26e246,2011-11-23 19:22:48.639,Closed,2011-09-09 01:52:51.489,Open
58bfcd220ccb2667fe26d082,2011-11-23 19:22:49.938,Closed,2011-10-05 18:36:54.702,Open
58bfcde90ccb2667fe26e6ce,2011-11-23 19:22:16.006,Closed,2010-04-22 05:09:51.245,Open
58bfcde90ccb2667fe26e6ce,2011-11-23 19:22:16.006,Closed,2010-04-22 03:47:59.908,Open
58bfcd8f0ccb2667fe26dd81,2011-11-23 19:22:38.452,Closed,2010-07-19 19:38:12.590,Open
58bfcd8f0ccb2667fe26dd81,2011-11-23 19:22:38.452,Closed,2010-07-16 23:05:28.282,Open
58bfcd910ccb2667fe26dda9,2011-11-23 19:22:38.285,Closed,2010-09-14 19:53:02.099,Open
58bfcd910ccb2667fe26dda9,2011-11-23 19:22:38.285,Closed,2010-06-03 18:46:54.087,Open
58bfcd9a0ccb2667fe26de9b,2011-11-23 19:22:40.478,Closed,2010-05-31 08:18:40.599,Open
58bfcd9a0ccb2667fe26de9b,2011-11-23 19:22:40.478,Closed,2010-04-02 14:53:38.042,Open
58bfcd9a0ccb2667fe26de9b,2011-11-23 19:22:40.478,Closed,2010-07-01 05:03:02.160,Open
58bfce990ccb2667fe26f300,2010-03-26 17:25:01.506,Closed,2009-12-11 23:12:58.887,Open
58bfcea00ccb2667fe26f3e0,2009-09-05 22:36:20.054,Closed,2009-08-03 16:29:47.017,Open
58bfcea00ccb2667fe26f3e0,2009-09-05 22:36:20.054,Closed,2009-07-27 18:46:32.729,Open
58bfcea00ccb2667fe26f3e0,2009-09-05 22:36:20.054,Closed,2009-08-01 02:27:00.791,Open
58bfcea50ccb2667fe26f483,2009-09-05 22:36:19.456,Closed,2009-07-30 19:23:00.525,Open
58bfcda30ccb2667fe26dfda,2011-11-23 19:22:42.641,Closed,2010-04-22 17:38:22.293,Open
58bfcdb70ccb2667fe26e231,2011-11-23 19:22:47.055,Closed,2011-03-15 19:10:13.858,Open
58bfccbf0ccb2667fe26c737,2011-11-23 19:22:43.555,Closed,2011-07-15 09:34:09.743,Open
58bfccbf0ccb2667fe26c737,2011-11-23 19:22:43.555,Closed,2011-09-01 21:53:10.917,Open
58bfccbf0ccb2667fe26c737,2011-11-23 19:22:43.555,Closed,2011-07-19 21:31:28.643,Open
58bfccbf0ccb2667fe26c737,2011-11-23 19:22:43.555,Closed,2011-08-15 07:32:46.696,Open
58bfcc670ccb2667fe26c3e6,2011-11-23 19:22:45.566,Closed,2010-06-01 19:10:53.726,Open
58bfcc670ccb2667fe26c3e6,2011-11-23 19:22:45.566,Closed,2010-06-25 20:03:51.158,Open
58bfcc670ccb2667fe26c3e6,2011-11-23 19:22:45.566,Closed,2010-06-25 22:36:04.066,Open
58bfcc670ccb2667fe26c3e6,2011-11-23 19:22:45.566,Closed,2010-06-02 00:08:47.154,Open
58bfcc670ccb2667fe26c3e6,2011-11-23 19:22:45.566,Closed,2010-06-01 16:47:05.917,Open
58bfcc8d0ccb2667fe26c4a6,2011-11-23 19:22:44.589,Closed,2010-10-15 04:04:13.074,Open
58bfcdaf0ccb2667fe26e138,2011-11-23 19:22:45.875,Closed,2010-10-06 17:03:54.062,Open
58bfcdaf0ccb2667fe26e138,2011-11-23 19:22:45.875,Closed,2010-09-15 07:01:59.643,Open
58bfcdd50ccb2667fe26e4ed,2011-11-23 19:22:23.672,Closed,2010-04-09 02:30:33.979,Open
58bfcdd50ccb2667fe26e4ed,2011-11-23 19:22:23.672,Closed,2010-04-12 23:56:49.163,Open
58bfcdd50ccb2667fe26e4ed,2011-11-23 19:22:23.672,Closed,2010-04-13 06:34:13.393,Open
58bfcdd50ccb2667fe26e4ed,2011-11-23 19:22:23.672,Closed,2010-03-31 04:31:54.371,Open
58bfcdd50ccb2667fe26e4ed,2011-11-23 19:22:23.672,Closed,2010-04-13 18:35:56.918,Open
58bfcdd50ccb2667fe26e4ed,2011-11-23 19:22:23.672,Closed,2010-04-12 21:46:09.945,Open
58bfcdb00ccb2667fe26e154,2011-11-23 19:22:45.187,Closed,2011-08-20 07:49:18.498,Open
58bfcdb30ccb2667fe26e1ca,2011-11-23 19:22:46.690,Closed,2010-11-10 17:33:46.885,Open
58bfce940ccb2667fe26f292,2009-02-13 21:18:49.825,Closed,2008-11-18 00:23:50.618,Open
58bfcea00ccb2667fe26f3df,2009-09-05 22:36:20.013,Closed,2009-08-03 16:33:39.436,Open
58bfcea00ccb2667fe26f3df,2009-09-05 22:36:20.013,Closed,2009-08-03 22:11:23.810,Open
58bfcea00ccb2667fe26f3df,2009-09-05 22:36:20.013,Closed,2009-07-27 18:46:46.857,Open
58bfcea00ccb2667fe26f3df,2009-09-05 22:36:20.013,Closed,2009-08-01 02:35:32.624,Open
58bfcea70ccb2667fe26f4ab,2011-11-23 19:22:15.283,Closed,2010-08-05 05:49:28.560,Open
58bfcea70ccb2667fe26f4ab,2011-11-23 19:22:15.283,Closed,2010-09-08 11:27:43.461,Open
58bfcea80ccb2667fe26f4ca,2011-11-23 19:22:22.160,Closed,2010-11-10 01:39:15.189,Open
58bfcc9b0ccb2667fe26c589,2011-11-23 19:22:47.991,Closed,2011-03-25 20:48:02.934,Open
58bfcc9b0ccb2667fe26c589,2011-11-23 19:22:47.991,Closed,2011-05-20 21:20:43.451,Open
58bfcc9b0ccb2667fe26c589,2011-11-23 19:22:47.991,Closed,2011-02-11 16:11:23.836,Open
58bfcc9b0ccb2667fe26c589,2011-11-23 19:22:47.991,Closed,2011-07-28 22:30:58.838,Open
58bfcc9b0ccb2667fe26c589,2011-11-23 19:22:47.991,Closed,2011-03-24 21:30:16.524,Open
58bfcc9b0ccb2667fe26c589,2011-11-23 19:22:47.991,Closed,2011-02-05 07:02:50.337,Open
58bfcc9b0ccb2667fe26c589,2011-11-23 19:22:47.991,Closed,2011-02-05 02:26:57.388,Open
58bfcc9b0ccb2667fe26c589,2011-11-23 19:22:47.991,Closed,2011-03-25 22:51:59.575,Open
58bfcc9b0ccb2667fe26c589,2011-11-23 19:22:47.991,Closed,2011-03-25 20:46:48.475,Open
58bfcc9b0ccb2667fe26c589,2011-11-23 19:22:47.991,Closed,2011-02-11 20:08:51.373,Open
58bfcc9b0ccb2667fe26c589,2011-11-23 19:22:47.991,Closed,2011-03-29 02:15:33.782,Open
58bfcc9b0ccb2667fe26c589,2011-11-23 19:22:47.991,Closed,2011-02-11 17:24:49.121,Open
58bfd0360ccb2667fe271b3f,2011-11-23 19:22:02.930,Closed,2011-07-07 15:55:35.229,Open
58bfcee90ccb2667fe26fac7,2009-07-08 20:24:00.779,Closed,2009-04-13 23:40:56.787,Open
58bfcee90ccb2667fe26fac7,2009-07-08 20:24:00.779,Closed,2009-04-13 19:00:56.375,Open
58bfcee90ccb2667fe26fac7,2009-07-08 20:24:00.779,Closed,2009-04-14 20:04:21.231,Open
58bfcd140ccb2667fe26ce1c,2011-11-23 19:22:13.763,Closed,2011-04-22 06:13:04.842,Open
58bfcd140ccb2667fe26ce1c,2011-11-23 19:22:13.763,Closed,2011-07-07 06:35:06.452,Open
58bfcd140ccb2667fe26ce1c,2011-11-23 19:22:13.763,Closed,2011-07-11 22:11:32.993,Open
58bfcd140ccb2667fe26ce1c,2011-11-23 19:22:13.763,Closed,2011-06-27 06:46:41.743,Open
58bfcd140ccb2667fe26ce1c,2011-11-23 19:22:13.763,Closed,2011-04-22 06:25:41.566,Open
58bfcd140ccb2667fe26ce1c,2011-11-23 19:22:13.763,Closed,2011-04-22 06:26:32.154,Open
58bfcd140ccb2667fe26ce1c,2011-11-23 19:22:13.763,Closed,2011-04-08 23:51:30.336,Open
58bfcc9f0ccb2667fe26c5cf,2011-11-23 19:22:42.368,Closed,2010-08-12 17:42:43.012,Open
58bfcc9f0ccb2667fe26c5cf,2011-11-23 19:22:42.368,Closed,2010-07-29 14:06:49.178,Open
58bfcc9f0ccb2667fe26c5cf,2011-11-23 19:22:42.368,Closed,2010-07-09 21:22:27.691,Open
58bfcc9f0ccb2667fe26c5cf,2011-11-23 19:22:42.368,Closed,2010-10-18 15:59:37.138,Open
58bfcc9f0ccb2667fe26c5cf,2011-11-23 19:22:42.368,Closed,2010-09-23 16:34:26.657,Open
58bfcc9f0ccb2667fe26c5cf,2011-11-23 19:22:42.368,Closed,2010-06-26 16:32:11.333,Open
58bfcdae0ccb2667fe26e0fc,2011-11-23 19:22:45.339,Closed,2011-08-11 15:23:34.405,Open
58bfcdae0ccb2667fe26e0fc,2011-11-23 19:22:45.339,Closed,2011-08-02 15:37:03.276,Open
58bfcdae0ccb2667fe26e0fc,2011-11-23 19:22:45.339,Closed,2011-08-15 00:24:38.693,Open
58bfcdae0ccb2667fe26e0fc,2011-11-23 19:22:45.339,Closed,2011-07-18 21:25:02.047,Open
58bfcdae0ccb2667fe26e0fc,2011-11-23 19:22:45.339,Closed,2011-08-02 20:33:05.482,Open
58bfcdae0ccb2667fe26e0fc,2011-11-23 19:22:45.339,Closed,2011-07-19 19:09:49.207,Open
58bfcdb20ccb2667fe26e1b5,2011-11-23 19:22:46.430,Closed,2010-04-30 17:21:36.872,Open
58bfcda60ccb2667fe26e007,2011-11-23 19:22:43.243,Closed,2010-05-13 21:59:29.867,Open
58bfcda60ccb2667fe26e007,2011-11-23 19:22:43.243,Closed,2010-05-13 22:33:22.739,Open
58bfcdd90ccb2667fe26e579,2011-11-23 19:22:21.113,Closed,2010-04-26 18:45:37.139,Open
58bfcdd90ccb2667fe26e579,2011-11-23 19:22:21.113,Closed,2010-04-21 18:14:55.541,Open
58bfcdd90ccb2667fe26e579,2011-11-23 19:22:21.113,Closed,2010-04-26 22:29:16.878,Open
58bfcdd90ccb2667fe26e579,2011-11-23 19:22:21.113,Closed,2010-04-21 20:26:56.000,Open
58bfcdd90ccb2667fe26e579,2011-11-23 19:22:21.113,Closed,2010-04-30 19:00:11.712,Open
58bfcdd90ccb2667fe26e579,2011-11-23 19:22:21.113,Closed,2010-04-21 04:47:45.112,Open
58bfcdd90ccb2667fe26e579,2011-11-23 19:22:21.113,Closed,2010-04-22 17:37:37.092,Open
58bfcd050ccb2667fe26cbe9,2011-11-23 19:22:48.851,Closed,2011-09-19 16:32:52.322,Open
58bfce9d0ccb2667fe26f36f,2010-03-26 17:25:07.520,Closed,2009-12-17 21:22:22.144,Open
58bfce9d0ccb2667fe26f36f,2010-03-26 17:25:07.520,Closed,2009-12-16 19:51:15.938,Open
58bfce9d0ccb2667fe26f36f,2010-03-26 17:25:07.520,Closed,2009-12-16 21:27:45.980,Open
58bfce1f0ccb2667fe26eaec,2009-07-08 20:24:03.755,Closed,2009-05-11 17:22:34.652,Open
58bfcdcb0ccb2667fe26e408,2011-12-17 01:33:57.892,Closed,2011-12-07 21:49:12.993,Open
58bfcea00ccb2667fe26f3de,2009-09-05 22:36:19.939,Closed,2009-07-30 17:41:50.212,Open
58bfcea00ccb2667fe26f3de,2009-09-05 22:36:19.939,Closed,2009-07-27 18:47:00.972,Open
58bfcea00ccb2667fe26f3de,2009-09-05 22:36:19.939,Closed,2009-07-30 15:50:40.821,Open
58bfcea00ccb2667fe26f3de,2009-09-05 22:36:19.939,Closed,2009-08-01 02:53:30.463,Open
58bfcc830ccb2667fe26c41d,2011-11-23 19:22:04.203,Closed,2010-07-12 16:38:26.242,Open
58bfce1f0ccb2667fe26eaed,2011-11-23 19:22:32.649,Closed,2010-07-14 06:50:02.466,Open
58bfce990ccb2667fe26f301,2010-03-26 17:25:08.773,Closed,2009-12-17 15:08:29.174,Open
58bfce990ccb2667fe26f301,2010-03-26 17:25:08.773,Closed,2009-12-14 10:46:06.361,Open
58bfce940ccb2667fe26f291,2009-02-13 21:18:49.550,Closed,2008-11-17 22:45:48.212,Open
58bfce9e0ccb2667fe26f3a4,2009-07-08 20:24:03.464,Closed,2009-05-27 16:30:45.398,Open
58bfce9e0ccb2667fe26f3a4,2009-07-08 20:24:03.464,Closed,2009-05-25 14:14:02.683,Open
58bfce9e0ccb2667fe26f3a4,2009-07-08 20:24:03.464,Closed,2009-05-21 14:03:22.748,Open
58bfcbea0ccb2667fe26b8a8,2010-03-26 17:24:56.314,Closed,2009-08-15 14:21:27.511,Open
58bfcf330ccb2667fe27001e,2011-11-23 19:22:46.852,Closed,2010-07-05 19:50:25.147,Open
58bfcf330ccb2667fe27001e,2011-11-23 19:22:46.852,Closed,2011-02-04 15:11:11.271,Open
58bfcf330ccb2667fe27001e,2011-11-23 19:22:46.852,Closed,2010-08-18 15:52:58.655,Open
58bfcf330ccb2667fe27001e,2011-11-23 19:22:46.852,Closed,2010-09-15 07:02:14.906,Open
58bfcf330ccb2667fe27001e,2011-11-23 19:22:46.852,Closed,2010-08-05 17:30:35.592,Open
58bfcf330ccb2667fe27001e,2011-11-23 19:22:46.852,Closed,2010-07-09 09:21:31.349,Open
58bfcf330ccb2667fe27001e,2011-11-23 19:22:46.852,Closed,2010-11-10 01:42:50.534,Open
58bfcf330ccb2667fe27001e,2011-11-23 19:22:46.852,Closed,2010-07-02 17:15:33.608,Open
58bfcf330ccb2667fe27001e,2011-11-23 19:22:46.852,Closed,2010-07-09 10:38:48.666,Open
58bfcf330ccb2667fe27001e,2011-11-23 19:22:46.852,Closed,2011-02-25 15:32:24.648,Open
58bfcf330ccb2667fe27001e,2011-11-23 19:22:46.852,Closed,2010-07-21 20:00:07.881,Open
58bfceab0ccb2667fe26f4f1,2011-11-23 19:22:04.028,Closed,2011-09-14 17:20:08.042,Open
58bfceab0ccb2667fe26f4f1,2011-11-23 19:22:04.028,Closed,2011-10-19 07:04:41.907,Open
58bfcc120ccb2667fe26bca4,2010-03-26 17:25:03.700,Closed,2010-01-25 21:55:33.570,Open
58bfcc120ccb2667fe26bca4,2010-03-26 17:25:03.700,Closed,2010-01-25 15:20:27.722,Open
58bfcc120ccb2667fe26bca4,2010-03-26 17:25:03.700,Closed,2010-01-25 22:59:58.124,Open
58c1199711e1802cacc27467,2012-03-18 09:25:36.476,Closed,2011-11-26 14:59:35.257,Open
58c1199d11e1802cacc274ca,2012-03-18 09:29:09.697,Closed,2011-09-24 05:14:52.331,Open
58bfd39a0ccb2667fe276f79,2017-03-31 09:01:09.054,Closed,2016-12-15 22:50:11.674,Open
58bfd39a0ccb2667fe276f79,2017-03-31 09:01:09.054,Closed,2016-07-28 20:27:21.689,Open
58bfd39a0ccb2667fe276f79,2017-03-31 09:01:09.054,Closed,2016-07-31 16:55:50.930,Open
58bfd3c70ccb2667fe27765c,2017-03-31 09:01:09.273,Closed,2016-03-05 16:33:16.248,Open
58bfd33b0ccb2667fe2764b6,2017-03-31 09:01:13.503,Closed,2016-10-08 12:52:24.675,Open
58bfd33b0ccb2667fe2764b6,2017-03-31 09:01:13.503,Closed,2016-08-01 19:55:37.594,Open
58bfd3a00ccb2667fe277133,2017-03-31 09:01:14.887,Closed,2016-09-17 13:57:21.930,Open
58bfd3a00ccb2667fe277133,2017-03-31 09:01:14.887,Closed,2016-12-15 22:21:05.486,Open
58bfd11a0ccb2667fe27318b,2017-05-18 03:43:55.206,Closed,2016-07-29 16:32:09.351,Open
58bfd11a0ccb2667fe27318b,2017-05-18 03:43:55.206,Closed,2011-10-27 16:37:29.350,Open
58bfd1cc0ccb2667fe273e6b,2017-05-18 03:43:56.341,Closed,2016-08-10 04:00:02.192,Open
58bfd1cc0ccb2667fe273e6b,2017-05-18 03:43:56.341,Closed,2016-09-23 16:52:11.771,Open
58bfd1cc0ccb2667fe273e6b,2017-05-18 03:43:56.341,Closed,2016-08-02 04:31:19.096,Open
58bfd1ba0ccb2667fe273d9e,2017-05-18 03:43:57.405,Closed,2016-07-18 21:17:59.698,Open
58bfd30c0ccb2667fe2760dd,2017-05-18 03:43:57.092,Closed,2015-12-26 11:13:54.612,Open
58bfd30c0ccb2667fe2760dd,2017-05-18 03:43:57.092,Closed,2014-07-18 17:43:16.127,Open
58bfd30c0ccb2667fe2760dd,2017-05-18 03:43:57.092,Closed,2014-07-30 01:56:05.207,Open
58bfd30c0ccb2667fe2760dd,2017-05-18 03:43:57.092,Closed,2015-08-12 00:56:06.196,Open
58bfd30c0ccb2667fe2760dd,2017-05-18 03:43:57.092,Closed,2014-08-30 17:34:58.820,Open
58bfd30c0ccb2667fe2760dd,2017-05-18 03:43:57.092,Closed,2015-12-26 11:00:27.925,Open
58bfd30c0ccb2667fe2760dd,2017-05-18 03:43:57.092,Closed,2015-05-08 18:37:54.208,Open
58bfd30c0ccb2667fe2760dd,2017-05-18 03:43:57.092,Closed,2014-07-15 06:07:04.733,Open
58bfd30c0ccb2667fe2760dd,2017-05-18 03:43:57.092,Closed,2014-07-15 05:47:19.287,Open
58bfd2ce0ccb2667fe275aee,2017-05-18 03:43:59.534,Closed,2016-08-08 00:00:26.201,Open
58bfd2d20ccb2667fe275ba4,2017-05-18 03:43:59.073,Closed,2016-06-15 18:37:55.187,Open
58bfd0be0ccb2667fe272898,2017-05-18 03:44:01.610,Closed,2016-09-26 22:37:39.682,Open
58bfd0be0ccb2667fe272898,2017-05-18 03:44:01.610,Closed,2016-10-04 15:42:11.786,Open
58bfd0be0ccb2667fe272898,2017-05-18 03:44:01.610,Closed,2016-08-30 20:54:07.504,Open
58bfd3520ccb2667fe27667b,2017-05-18 03:44:02.499,Closed,2016-10-09 20:02:27.544,Open
58bfd3520ccb2667fe27667b,2017-05-18 03:44:02.499,Closed,2016-10-09 18:08:31.014,Open
58bfd25b0ccb2667fe274e91,2017-05-18 03:44:03.456,Closed,2016-08-08 17:43:56.991,Open
58bfd2ec0ccb2667fe275dfc,2017-05-18 03:44:04.523,Closed,2016-08-10 16:14:51.581,Open
5b10e94fe32f0b450f502501,2013-01-20 18:42:53.529,Closed,2013-01-14 04:22:59.499,Open
5b10e8ebe32f0b450f501cc1,2012-10-10 15:47:36.531,Closed,2012-10-10 08:27:26.513,Open
5b10e8f3e32f0b450f501d62,2012-10-10 16:27:14.233,Closed,2012-09-13 17:29:10.205,Open
5b10e989e32f0b450f502a26,2013-03-13 20:12:16.229,Closed,2013-02-24 20:19:04.385,Open
5b10e992e32f0b450f502afe,2013-03-27 20:34:52.577,Closed,2013-03-27 15:29:38.986,Open
5b10e9c4e32f0b450f502fb6,2013-05-18 00:00:22.509,Closed,2013-05-14 23:28:46.372,Open
5b10e9c9e32f0b450f50301d,2013-05-29 17:14:17.020,Closed,2013-05-24 16:40:41.512,Open
5b10ea82e32f0b450f503cbc,2013-12-06 00:58:07.087,Closed,2013-12-06 00:57:42.332,Open
5b10eb3be32f0b450f504988,2014-06-19 05:06:11.341,Closed,2014-05-29 20:54:24.753,Open
5b10ed6de32f0b450f507338,2014-09-25 20:19:31.389,Closed,2012-07-17 21:13:54.838,Open
5b10ed6de32f0b450f507338,2014-09-25 20:19:31.389,Closed,2012-07-17 20:46:12.098,Open
5b10ed6de32f0b450f507338,2014-09-25 20:19:31.389,Closed,2012-07-17 19:24:40.099,Open
5b10ed6de32f0b450f507338,2014-09-25 20:19:31.389,Closed,2012-07-17 01:48:44.110,Open
5b10ea1ae32f0b450f503546,2013-08-02 23:18:55.234,Closed,2013-07-09 21:27:00.629,Open
5b1109d80eaeec54aaa4a37b,2016-04-29 21:00:39.866,Closed,2016-04-23 05:16:49.731,Open
5b1109360eaeec54aaa49a5a,2016-03-31 03:29:00.376,Closed,2016-03-31 03:28:28.478,Open
5b111b5b0eaeec54aaa561a3,2018-05-01 16:02:16.543,Closed,2018-05-01 16:01:39.749,Open
5b111be60eaeec54aaa565e1,2018-05-14 06:22:07.591,Closed,2018-05-14 06:21:12.071,Open
5b111be60eaeec54aaa565e1,2018-05-14 06:22:07.591,Closed,2018-03-08 11:02:26.749,Open
5b11460f627fea29b7175bad,2015-11-24 04:40:34.287,Closed,2015-11-09 17:21:00.391,Open
5b114b61627fea29b717c032,2017-02-06 10:44:49.702,Closed,2017-01-30 17:57:26.692,Open
5b114b61627fea29b717c032,2017-02-06 10:44:49.702,Closed,2017-01-30 17:26:50.131,Open
5b114b75627fea29b717c191,2017-02-16 12:06:37.576,Closed,2017-02-09 19:24:31.166,Open
5b29f87fe7b4076bb2c01433,2010-10-31 15:49:49.427,Closed,2010-07-02 14:51:08.432,Open
5b29f8cce7b4076bb2c0173e,2010-10-31 15:50:34.061,Closed,2010-10-08 12:21:41.640,Open
5b29f9b8e7b4076bb2c02166,2011-05-21 03:23:52.965,Closed,2009-12-08 08:54:05.949,Open
5b29f8eee7b4076bb2c01932,2011-05-21 03:18:51.831,Closed,2010-11-24 09:19:43.925,Open
5b29f8f6e7b4076bb2c019b7,2011-05-21 03:18:52.982,Closed,2011-03-30 15:25:09.937,Open
5b29f8f6e7b4076bb2c019b7,2011-05-21 03:18:52.982,Closed,2011-03-30 15:23:43.440,Open
5b29f8fbe7b4076bb2c019d1,2011-05-21 03:18:52.144,Closed,2011-04-09 20:47:40.339,Open
5b29f9dbe7b4076bb2c0233f,2011-05-21 03:23:57.985,Closed,2008-10-22 04:11:59.535,Open
5b29fa6de7b4076bb2c029d8,2011-05-21 03:24:18.662,Closed,2009-12-19 02:59:14.029,Open
5b29f91ce7b4076bb2c01c1d,2011-05-21 03:18:59.712,Closed,2011-03-29 18:41:13.530,Open
5b29f977e7b4076bb2c01e83,2011-05-21 03:19:08.783,Closed,2011-03-06 13:11:17.105,Open
5b29fa32e7b4076bb2c026ee,2011-05-21 03:24:10.389,Closed,2009-12-18 03:40:17.232,Open
5b29fac3e7b4076bb2c03011,2011-12-31 13:27:30.475,Closed,2011-11-25 13:47:55.799,Open
5b29fac3e7b4076bb2c03011,2011-12-31 13:27:30.475,Closed,2011-11-19 13:03:45.133,Open
5b29faf7e7b4076bb2c0319b,2012-02-09 14:00:36.438,Closed,2011-12-09 08:52:16.282,Open
5b29faf9e7b4076bb2c031b0,2012-02-09 14:00:37.264,Closed,2011-05-18 03:43:30.275,Open
5b29fb7be7b4076bb2c039aa,2012-02-09 14:01:07.783,Closed,2011-06-05 14:09:53.747,Open
5b29fbdde7b4076bb2c0418c,2012-06-16 09:35:20.174,Closed,2012-05-04 19:48:33.441,Open
5b29fafce7b4076bb2c031ff,2012-02-09 14:00:38.207,Closed,2011-06-14 22:41:34.776,Open
5b29fb84e7b4076bb2c03a5e,2012-02-09 14:01:09.679,Closed,2011-05-09 05:57:44.360,Open
5b29fbe3e7b4076bb2c04212,2012-06-16 09:35:22.252,Closed,2012-05-07 12:36:51.124,Open
5b29fb87e7b4076bb2c03af2,2012-02-09 14:01:10.391,Closed,2011-11-25 16:21:20.742,Open
5b29fb10e7b4076bb2c03355,2012-02-09 14:00:43.240,Closed,2011-05-20 11:27:40.359,Open
5b29fb10e7b4076bb2c03355,2012-02-09 14:00:43.240,Closed,2011-05-20 11:26:42.131,Open
5b29fbfde7b4076bb2c0448b,2011-05-21 03:27:19.799,Closed,2009-12-20 19:33:48.974,Open
5b29fb15e7b4076bb2c0339c,2012-02-09 14:00:44.185,Closed,2011-07-14 15:36:24.199,Open
5b29fb16e7b4076bb2c033a6,2012-02-09 14:00:44.843,Closed,2011-06-29 09:37:18.568,Open
5b29fb97e7b4076bb2c03c1b,2012-02-09 14:02:59.690,Closed,2012-01-28 20:02:52.461,Open
5b29fb97e7b4076bb2c03c1b,2012-02-09 14:02:59.690,Closed,2012-01-28 16:04:50.132,Open
5b29fc0be7b4076bb2c04678,2013-06-13 05:01:38.608,Closed,2013-06-13 02:50:51.294,Open
5b29fba0e7b4076bb2c03caa,2012-02-09 14:03:01.974,Closed,2011-01-19 00:55:13.923,Open
5b29fc0ce7b4076bb2c0468f,2011-05-21 03:19:08.636,Closed,2011-04-05 02:49:33.632,Open
5b29fb38e7b4076bb2c03640,2012-02-09 14:00:54.866,Closed,2011-06-13 23:18:34.516,Open
5b29fb3de7b4076bb2c03674,2012-02-09 14:00:54.675,Closed,2011-05-13 05:51:28.637,Open
5b29fbbae7b4076bb2c03eb3,2012-06-16 09:35:13.562,Closed,2012-01-19 16:17:31.500,Open
5b29fbbde7b4076bb2c03edb,2012-06-16 09:35:14.749,Closed,2011-06-20 09:04:21.070,Open
5b29fc2be7b4076bb2c048f2,2014-02-03 07:57:09.787,Closed,2013-11-30 19:02:20.925,Open
5b29fbcde7b4076bb2c04056,2012-06-16 09:35:17.983,Closed,2011-10-04 19:46:40.438,Open
5b29fbd2e7b4076bb2c040a5,2012-06-16 09:35:18.505,Closed,2012-05-07 22:06:42.467,Open
5b29fbd3e7b4076bb2c040c7,2012-06-16 09:35:18.245,Closed,2012-02-06 16:46:28.675,Open
5b2a02a702ab470be52f46b7,2014-02-03 08:06:14.168,Closed,2012-02-02 01:37:01.308,Open
5b2a02a802ab470be52f46c8,2014-02-03 08:06:14.571,Closed,2012-10-23 17:33:14.250,Open
5b2a02b202ab470be52f4760,2014-02-03 08:06:16.625,Closed,2011-08-19 13:40:11.727,Open
5b2a02b402ab470be52f47b7,2014-02-03 08:06:16.238,Closed,2013-05-20 05:24:08.786,Open
5b2a02b902ab470be52f4816,2014-02-03 08:06:17.407,Closed,2013-06-15 10:23:50.657,Open
5b2a02d802ab470be52f4990,2014-02-03 08:06:21.619,Closed,2013-03-15 21:47:59.080,Open
5b29fbcbe7b4076bb2c03ff6,2013-07-26 23:00:47.656,Closed,2013-07-10 17:40:51.766,Open
5b29fc45e7b4076bb2c04a88,2014-02-03 07:57:14.473,Closed,2014-01-09 20:45:34.364,Open
5b29fc58e7b4076bb2c04c08,2014-02-03 07:57:17.028,Closed,2013-08-13 21:32:09.608,Open
5b29fc63e7b4076bb2c04d18,2014-02-03 07:57:20.377,Closed,2013-12-07 19:16:06.948,Open
5b29fc66e7b4076bb2c04d6d,2014-02-03 07:57:20.227,Closed,2013-07-09 07:50:35.500,Open
5b29fc6ce7b4076bb2c04dc4,2014-02-03 07:57:21.149,Closed,2013-12-03 23:21:02.805,Open
5b2a03e202ab470be52f617a,2015-04-13 10:21:41.291,Closed,2013-06-25 21:48:17.685,Open
5b2a041302ab470be52f6590,2015-05-31 23:14:21.080,Closed,2015-04-14 11:15:15.630,Open
5b2a041702ab470be52f65c9,2015-05-31 23:14:31.418,Closed,2015-04-14 11:15:34.431,Open
5b2a031402ab470be52f4e5b,2012-06-16 09:35:19.117,Closed,2012-02-22 05:20:54.842,Open
5b2a032802ab470be52f500a,2015-04-13 09:57:11.520,Closed,2014-07-09 11:33:48.433,Open
5b2a032d02ab470be52f5136,2015-04-13 09:57:35.598,Closed,2015-04-05 09:22:31.284,Open
5b2a034a02ab470be52f5469,2015-04-13 09:57:42.322,Closed,2014-10-16 22:24:27.241,Open
5b2a034d02ab470be52f54b1,2015-04-13 09:57:44.911,Closed,2014-07-09 11:33:16.855,Open
5b2a035702ab470be52f5579,2015-04-13 10:19:51.799,Closed,2014-05-18 16:28:19.213,Open
5b2a035702ab470be52f5579,2015-04-13 10:19:51.799,Closed,2014-05-18 16:24:52.164,Open
5b2a036802ab470be52f56a6,2015-04-13 10:20:02.850,Closed,2014-02-11 12:07:47.383,Open
5b2a037602ab470be52f57e0,2015-04-13 10:20:20.617,Closed,2014-05-30 22:31:21.395,Open
5b2a037d02ab470be52f5874,2015-04-13 10:20:26.402,Closed,2013-09-30 14:41:25.277,Open
5b2a02ec02ab470be52f4b10,2015-04-13 10:20:36.323,Closed,2012-02-07 11:58:03.696,Open
5b2a039602ab470be52f5b4d,2015-04-13 10:20:47.263,Closed,2011-12-07 10:09:51.190,Open
5b2a039b02ab470be52f5bc3,2015-04-13 10:20:50.921,Closed,2013-06-02 15:35:48.900,Open
5b2a039b02ab470be52f5bc3,2015-04-13 10:20:50.921,Closed,2012-02-07 19:17:25.032,Open
5b2a03c302ab470be52f5ef9,2015-04-13 10:21:23.332,Closed,2011-06-27 04:09:11.658,Open
5b2a03c902ab470be52f5fc4,2015-04-13 10:21:27.377,Closed,2014-03-16 21:30:41.133,Open
5b2a046202ab470be52f6a14,2015-11-07 02:32:45.075,Closed,2014-06-12 06:21:27.245,Open
5b2a04c102ab470be52f707c,2016-05-22 00:07:45.540,Closed,2015-06-13 06:32:58.788,Open
5b3518ce6e373d64706ec04b,2005-12-23 01:44:48.000,Closed,2005-12-22 15:43:35.000,Open
5b3519646e373d64706ec51d,2006-03-18 15:03:52.000,Closed,2005-12-21 08:05:44.000,Open
5b3519846e373d64706ec6d1,2006-07-23 16:19:19.000,Closed,2005-12-21 08:33:04.000,Open
5b3519a56e373d64706ec8b9,2007-04-04 12:15:29.267,Closed,2007-04-04 05:46:20.374,Open
5b3519a56e373d64706ec8b9,2007-04-04 12:15:29.267,Closed,2007-04-04 05:45:02.794,Open
5b3519b36e373d64706ec969,2007-06-05 14:16:05.591,Closed,2007-06-05 13:59:41.044,Open
5b3519b86e373d64706ec989,2007-06-13 18:05:07.332,Closed,2007-06-13 08:38:56.192,Open
5b3519c96e373d64706ec9e6,2007-06-21 10:57:46.044,Closed,2007-06-14 09:00:39.456,Open
5b351ac66e373d64706ed4c5,2009-09-21 15:25:58.988,Closed,2009-08-20 00:55:20.794,Open
5b351ac66e373d64706ed4c5,2009-09-21 15:25:58.988,Closed,2009-08-20 00:48:46.001,Open
5b351aed6e373d64706ed779,2007-09-25 15:02:04.674,Closed,2007-09-14 09:33:54.196,Open
5b351afe6e373d64706ed89d,2009-05-07 12:13:18.779,Closed,2009-05-07 05:26:45.868,Open
5b351afe6e373d64706ed89d,2009-05-07 12:13:18.779,Closed,2009-05-07 05:12:00.788,Open
5b351af46e373d64706ed7e9,2010-07-20 19:30:14.236,Closed,2007-07-24 18:15:42.534,Open
5b351b346e373d64706edb40,2011-04-27 11:56:58.341,Closed,2009-04-03 03:07:32.834,Open
5b351a056e373d64706ecb86,2007-10-05 20:24:50.589,Closed,2007-10-05 19:30:12.086,Open
5b351a056e373d64706ecb86,2007-10-05 20:24:50.589,Closed,2007-10-05 19:30:07.266,Open
5b351a496e373d64706ecf21,2008-04-25 16:08:50.848,Closed,2008-04-25 16:08:05.821,Open
5b351a4d6e373d64706ecf5f,2008-05-13 19:01:24.685,Closed,2008-05-13 17:12:04.241,Open
5b351a4d6e373d64706ecf5f,2008-05-13 19:01:24.685,Closed,2008-05-13 17:09:43.679,Open
5b351a516e373d64706ecf94,2007-11-01 10:08:56.721,Closed,2007-11-01 06:35:24.721,Open
5b351c3e6e373d64706ee9cf,2012-03-14 09:37:43.981,Closed,2012-03-14 09:37:27.542,Open
5b351c6e6e373d64706eed16,2012-05-30 08:02:10.330,Closed,2009-09-22 18:34:09.599,Open
5b351c876e373d64706eeea6,2012-10-28 22:07:33.043,Closed,2008-07-25 01:03:08.517,Open
5b351c956e373d64706eef76,2012-10-28 22:07:34.281,Closed,2006-01-08 05:53:19.000,Open
5b351c2b6e373d64706ee88b,2012-04-07 16:08:54.963,Closed,2011-12-09 06:53:11.923,Open
5b351ecc6e373d64706f1388,2012-10-28 22:08:09.020,Closed,2006-01-08 22:23:49.000,Open
5b351ed56e373d64706f142e,2012-10-28 22:08:10.601,Closed,2005-11-09 17:25:54.000,Open
5b351e566e373d64706f0c4d,2012-10-28 22:08:18.978,Closed,2004-02-09 03:21:47.000,Open
5b351f966e373d64706f216c,2012-10-28 22:08:23.861,Closed,2005-12-29 11:03:34.000,Open
5b351f5b6e373d64706f1d25,2012-10-28 22:08:19.581,Closed,2005-10-16 22:39:37.000,Open
5b351fc36e373d64706f2434,2012-10-28 22:08:26.145,Closed,2005-11-28 22:37:30.000,Open
5b351f416e373d64706f1b9f,2012-10-28 22:08:17.658,Closed,2007-07-19 11:30:36.427,Open
5b3520f36e373d64706f3771,2012-10-28 22:11:26.243,Closed,2009-08-22 11:18:20.479,Open
5b3520586e373d64706f2d86,2012-10-28 22:11:19.213,Closed,2005-12-14 02:39:13.000,Open
5b3521026e373d64706f3867,2012-10-28 22:11:27.113,Closed,2009-12-01 14:11:44.350,Open
5b3521246e373d64706f3aaf,2012-10-28 22:11:30.077,Closed,2005-11-09 18:52:13.000,Open
5b3520a36e373d64706f3290,2012-10-28 22:11:22.882,Closed,2005-08-04 17:32:12.000,Open
5b3520d56e373d64706f354a,2012-10-28 22:11:24.873,Closed,2006-03-17 01:03:23.000,Open
5b3521776e373d64706f3ff2,2012-10-28 22:11:34.349,Closed,2005-11-29 13:11:53.000,Open
5b3521776e373d64706f3ff2,2012-10-28 22:11:34.349,Closed,2005-11-27 23:53:34.000,Open
